,P00,P01,P02,P03,P04,P05,P06,P07,P08,P09,P10,P11,P12,P13,P14,P15,P16,P17,P18,P19,P20,P21,P22,P23,P24,P25,P26,P27,P28,P29,P30,P31,P32,P33,P34,P35,P36,P37,P38,P39,P40,P41,P42,P43,P44,P45,P46,P47,P48,P49,P50,P51,P52,P53,P54,P55,P56,P57,P58,P59,P60,P61,P62,P63,P64,P65,P66,P67,P68,P69,P70,P71,P72,P73,P74,P75,P76,P77,P78,P79,P80,P81,P82,P83,P84,P85,P86,P87,P88,P89,P90,P91,P92,P93,P94,P95,P96,P97
2019,838.86,691.03,573.81,886.7,1043.7,706.2199999999999,559.18,612.52,451.34999999999997,663.18,458.0300000000001,683.82,427.54,690.88,895.1,744.35,482.87000000000006,737.5400000000001,442.98,522.83,405.29,394.21000000000004,302.27000000000004,757.5999999999999,595.2,547.57,1364.4,803.6999999999999,720.44,1057.7,672.9000000000001,697.56,1349.7,695.62,1355.9,725.43,643.19,473.26000000000005,1142.2,750.5200000000001,747.74,714.0100000000001,527.1899999999999,703.55,700.8100000000001,458.20000000000005,600.28,302.73,551.14,378.19,430.61,708.35,302.51,672.76,836.1999999999999,373.40000000000003,764.94,695.15,608.45,359.06,361.09999999999997,271.54,517.32,324.71,309.83,296.98,329.70000000000005,587.06,534.7900000000001,598.36,608.83,626.5199999999999,752.96,697.59,389.9,457.46000000000004,362.4,321.17,292.94,267.5,380.08000000000004,697.58,708.65,816.6,380.07000000000005,330.01,691.99,495.32000000000005,304.14,953.0999999999999,361.85,326.59000000000003,292.09,563.02,465.34,1119.4,389.90000000000003,394.15000000000003
2020,1602.1999999999998,1317.8999999999999,2162.3,1619.3000000000002,1626.2,1339.1000000000001,1455.8,1761.3000000000002,1094.9,1317.5,1440.4999999999998,1317.5,1363.8999999999999,1539.6000000000001,2030.3000000000002,1319.4,1558.2,1566.1999999999998,1414.1,1174.6999999999998,919.3,1242.0,693.44,1333.1999999999998,1139.1000000000001,1145.8,2131.8999999999996,1571.8,1711.1999999999998,1668.1000000000001,1799.4,1378.6,2274.8,1304.8999999999999,2252.1,1319.3,1735.8999999999999,1406.3999999999999,1958.5999999999997,1380.4,1343.8,1761.9,1168.0,1365.4,1349.4,1363.2,1658.0,443.09000000000003,1410.7,1103.9,1337.4999999999998,1647.2,479.25,1676.1999999999998,1406.4,1046.8,1452.3000000000002,1526.1999999999998,1166.1999999999998,1688.3,1524.2,446.54,1857.5,363.11999999999995,377.71,496.02,1387.6,1356.9000000000003,1032.9,2547.6,1336.5,2476.6,1591.4,1270.9,1249.1999999999998,1100.8,1635.4,1496.0,337.84000000000003,479.21000000000004,1058.6,1270.9,1333.2,1697.4999999999998,1204.2,1504.6,1951.0,1357.4,468.6000000000001,2103.1,1521.6,433.89000000000004,486.17999999999995,1404.3,1396.1000000000001,2208.7,1390.3,1267.1
2021,1307.7,1367.5,1485.6,1307.7,1489.6000000000001,1338.1,1343.3000000000002,1643.6,943.9,1367.5,1159.3000000000002,1367.5,1131.3,1344.4,1589.2,1368.9,1409.6000000000001,1488.3,1156.1999999999998,948.8,1133.8999999999999,1068.4,466.03000000000003,1333.5,1414.8,1223.1999999999998,2188.8999999999996,1462.2,1557.8999999999999,1455.6,1600.8,1431.3000000000002,1935.5,1345.6,1931.1,1334.2999999999997,1454.6,1063.1000000000001,1709.0,1395.4999999999998,1341.8999999999999,1547.7,882.6999999999999,1405.0,1406.5,1181.0,1452.0,310.42,1454.1,929.5,1145.3999999999999,1624.8999999999999,383.23,2149.7000000000003,1456.1000000000001,910.3999999999999,1421.6,1410.1000000000001,872.2,1660.6000000000001,1167.1000000000001,331.28,1101.6,316.13,340.47,387.22999999999996,1142.3,1387.9,501.38,1759.6,1333.3999999999999,1969.0999999999997,1004.6999999999999,1307.7,1078.8,948.8000000000001,1520.6000000000001,1326.1000000000001,323.59000000000003,308.89000000000004,928.6999999999999,1307.7,1342.8000000000002,1457.8,1087.4999999999998,1027.3,1609.1999999999998,1388.2,384.62,1628.4,1421.6,352.03,315.35,1397.5000000000002,1177.8000000000002,2051.0,499.48,984.3000000000001
2022,2769.1000000000004,2728.4,2424.5,2674.1999999999994,2976.0,2330.3,2016.1999999999998,2206.2,1887.1000000000001,3039.5000000000005,1499.2,3051.6,1991.3999999999996,2541.4,2882.2999999999997,2726.0,2084.9,2131.2,1996.8,1895.3000000000002,2705.9,2139.7999999999997,895.5000000000001,2762.1,1325.2,1281.2,2208.5,2357.0,2976.7,2961.9,2321.2,2871.2,2895.5,2506.2,2970.4,2809.4000000000005,1976.9,1971.3000000000002,2749.1,2942.8999999999996,2703.2,3014.1,1300.8999999999999,2526.1000000000004,2770.2999999999997,1841.3,3228.5,1110.8,2988.4,1832.7000000000003,2088.7000000000003,2887.5,1822.3999999999999,1547.2,2352.9,1859.7000000000003,2795.4,2766.9,2942.8,3018.4999999999995,1648.3000000000002,2314.9,1378.0,572.35,1291.0,1347.0,1096.1,2719.1,2263.0,2343.6,2803.6,2571.7999999999997,1590.8,2741.9,1853.3000000000002,1879.0,1356.8000000000002,2163.1,938.6899999999999,1054.97,1074.6000000000001,2816.8,2479.1000000000004,2393.7999999999997,2148.1,2107.1,3018.3999999999996,2605.9,1774.2,3017.3,2245.2999999999997,1299.1000000000001,1149.1999999999998,2296.3,2140.9,1456.5,3077.2999999999997,1869.3000000000002
2023,1433.7000000000003,1446.8,1302.4,1444.8,1663.8000000000002,1467.2,1477.1,1441.4,911.8999999999999,1454.9,1024.0,1448.7,1021.2,1477.0000000000002,1942.5,1441.8999999999999,1260.4,1671.1,1048.8000000000002,906.6,603.34,1029.3,555.8499999999999,1471.3000000000002,835.0,818.5999999999999,811.6,1574.2999999999997,1774.9,1658.4,1781.6000000000001,1473.5,1962.3999999999999,1491.6999999999998,1961.2999999999997,1323.8,1610.8999999999999,966.51,1903.0000000000002,1467.0,1400.9,1849.9,749.3,1477.1,1459.9,985.8,741.63,386.77,770.7900000000001,897.3000000000001,1043.8999999999999,1788.6999999999998,340.83,678.58,1552.6000000000001,872.21,1086.3100000000002,1187.0,750.03,1816.0,1161.0,389.68,739.0199999999999,359.24,377.09000000000003,477.7900000000001,1043.3999999999999,1545.4,459.73999999999995,916.4,1470.5,1273.3,852.3000000000001,1441.6,854.02,899.5,975.8000000000001,1103.7,371.46,379.55000000000007,761.0999999999999,1452.8000000000002,1477.6000000000001,1541.7,1034.9,1151.8,1896.8,1595.6000000000001,415.43999999999994,1691.6999999999998,1049.5,373.33000000000004,415.82000000000005,607.99,1069.6,1394.0000000000002,671.72,1016.0000000000001
2024,1019.0,540.11,491.81,1014.0,1113.1999999999998,528.64,681.4200000000001,666.3,620.57,748.8100000000001,556.08,682.68,504.28,544.97,1193.3,757.6699999999998,496.42,908.8,399.43000000000006,633.37,503.59999999999997,533.51,430.33000000000004,636.1600000000001,653.9200000000001,673.71,586.4599999999999,1042.7,753.7800000000001,485.46999999999997,997.9000000000001,843.4,1681.8,797.9300000000001,1496.3,476.38999999999993,696.7800000000001,577.25,1335.1,813.4,775.9100000000001,1089.6,638.55,570.5,538.0,376.14,318.84999999999997,338.2,522.79,495.93000000000006,432.02,554.07,356.68,279.53999999999996,803.0,500.65,667.47,746.95,329.39,650.43,443.81,314.49,584.96,321.58,348.40999999999997,327.01000000000005,441.48,789.2,302.18,447.92,663.92,803.6,261.44,407.15000000000003,327.76,512.04,413.41,420.26,330.19999999999993,373.70000000000005,510.2,568.3199999999999,656.13,830.2,413.19,434.34000000000003,1136.6999999999998,605.07,332.2,821.3900000000001,411.28000000000003,354.99999999999994,342.94000000000005,242.86999999999998,471.78,602.33,357.29999999999995,474.14
2025,354.74,186.40999999999997,279.96,359.58,226.11,149.74,225.17999999999998,447.13,314.70000000000005,232.09,259.77000000000004,216.71999999999997,244.73,152.78,410.27000000000004,246.90999999999997,241.7,231.79,227.26,328.58000000000004,256.31,238.01999999999998,232.85000000000002,178.45,424.34,373.00999999999993,292.55,309.52,208.98000000000002,218.95999999999998,189.22,241.17999999999998,939.4000000000001,229.78,932.0999999999999,72.004,468.88,274.56,562.5500000000001,245.42000000000002,216.68,404.53,335.66999999999996,192.49,190.26,226.95,204.44,248.76,236.86,291.44,223.65,191.23999999999998,233.7,195.28000000000003,269.33,294.23,232.71999999999997,275.84000000000003,200.10999999999999,166.35,226.16,231.85000000000002,310.71000000000004,246.48000000000002,237.01,239.88,219.74,281.11,204.39999999999998,225.42999999999995,211.92,286.46999999999997,196.82,144.59,211.38,289.10999999999996,196.97000000000003,204.01,233.88,261.84999999999997,257.08,183.71999999999997,192.37,258.59000000000003,222.76,227.87,392.86,293.69,238.82999999999998,214.72,203.12000000000003,242.42999999999998,248.28999999999996,193.91,222.21,114.92,205.49999999999997,288.3
2026,453.75,299.43,375.34000000000003,413.12,801.5,342.43999999999994,481.40999999999997,510.7900000000001,363.82,488.49,310.34,437.20000000000005,264.11,344.43,1047.9999999999998,496.35,319.78,481.63,242.29000000000002,379.65999999999997,326.9,278.39,251.94,398.78999999999996,466.06999999999994,444.72,297.61,644.3,547.31,814.8000000000001,421.85,508.50000000000006,418.85,478.90999999999997,1200.4,186.45000000000002,527.65,324.99,1021.5,502.25,425.31,1003.9999999999999,388.55,351.37000000000006,372.48,242.81,346.96999999999997,248.58000000000004,422.98,292.93,234.63,426.31,234.30000000000004,263.63,467.65000000000003,296.36,336.6700000000001,350.19000000000005,239.72000000000003,378.8,248.33,240.08999999999997,338.21000000000004,256.21000000000004,227.95000000000002,221.52,237.57000000000002,530.79,242.87,254.07000000000002,398.7,524.9,209.64999999999998,281.45,215.39,293.90000000000003,219.70000000000002,214.73000000000002,225.38000000000002,257.16,278.69,368.78999999999996,372.71,448.8399999999999,235.28,243.49,1023.8999999999999,416.14000000000004,236.95000000000002,693.4300000000001,217.84000000000003,216.61,246.44,364.09,224.93999999999997,244.96999999999997,260.02,290.98
2027,477.95000000000005,421.13,358.43,438.0,467.77,222.89000000000001,476.28999999999996,526.72,374.47,540.42,342.07,538.66,293.13,223.61,972.2,570.42,329.83,373.10999999999996,219.32,420.06999999999994,349.67999999999995,291.51,252.41,293.06,490.0899999999999,479.32,438.03000000000003,743.58,489.78000000000003,501.11,557.67,568.45,1005.8999999999999,520.35,1128.4,126.17,543.9200000000001,371.56000000000006,831.9,578.1500000000001,566.33,539.39,437.16999999999996,364.85,363.03999999999996,224.30999999999997,558.4,253.46999999999997,341.39,306.76000000000005,234.54999999999995,340.14,252.35999999999999,231.15,520.36,316.01,244.57,520.1099999999999,256.62,183.34,254.54,248.36,386.53999999999996,250.72000000000003,230.45000000000002,236.83,246.44,537.86,262.87,309.68,430.28,589.78,232.32000000000002,260.61,221.7,305.98,238.67,207.76,240.97999999999996,256.07,306.76,360.33,418.62,539.1899999999999,223.20000000000002,236.89999999999998,959.9,390.57,241.3,600.21,264.33000000000004,240.75,243.26,250.74,281.09000000000003,247.62000000000003,241.05999999999997,303.62
2028,138.33,185.93,285.33,138.04999999999998,333.15,143.75,223.49,444.85999999999996,286.20000000000005,224.71,263.69,219.91,245.17000000000002,142.33,377.33,237.20999999999998,255.84999999999997,267.5,202.97999999999996,322.36,250.60999999999999,227.61,207.62,176.76999999999998,446.18,387.31999999999994,351.78,283.15,214.71,329.49,138.22,235.11,144.02,226.42000000000002,363.13,105.61,494.9,271.95,138.15,239.38,240.17000000000002,370.79,339.46,183.5,180.58999999999997,207.21999999999997,318.73,228.48999999999998,309.44,261.5,204.04,187.41000000000003,213.70999999999998,216.99,328.67,269.38,297.94999999999993,331.97999999999996,237.06999999999996,142.98,211.4,220.12999999999997,297.06,231.97,205.10000000000005,220.74,204.56,338.93,255.07000000000002,274.07,211.85000000000002,342.90000000000003,199.37,142.13000000000002,193.17,262.12,184.66999999999996,190.77,210.56,236.82,250.67000000000002,180.78,198.57999999999998,335.41999999999996,207.73000000000002,230.86999999999995,370.86,299.93,227.49999999999997,191.23999999999998,203.31,206.60000000000002,223.0,243.18,237.16,109.51999999999998,241.17000000000002,267.22999999999996
2029,120.04000000000002,185.09,231.25000000000003,119.92,608.88,52.27100000000001,283.67,407.80999999999995,258.77,304.67,229.67,282.11,205.48999999999998,132.5,680.9,291.77000000000004,206.86,431.36,188.77,276.8,219.75,197.76999999999998,197.89000000000001,106.16999999999999,377.69,319.71,249.72000000000003,447.81,255.83,615.9399999999999,119.91999999999999,321.42,119.57000000000001,298.11,119.53,7.4956,417.85,213.53000000000003,119.91000000000001,347.6,280.83,620.1800000000001,251.98000000000002,203.84,196.36999999999998,199.14,263.54,214.64,413.23,249.26,195.50000000000003,194.61999999999998,206.43,238.31,317.35,265.58,144.44,318.58000000000004,242.37,103.92999999999999,199.27999999999997,192.84000000000003,244.74,221.28000000000003,196.94000000000003,218.58999999999997,189.04,348.24,261.53,188.26999999999998,244.57,353.7,191.05999999999997,126.33,164.47,260.23,179.14,185.02,187.59999999999997,207.49,237.64,176.88,191.74,326.55,200.64999999999998,205.19,608.3199999999999,284.26,197.35,236.94,182.42999999999998,196.28,226.32999999999998,190.03000000000003,197.94,66.921,219.82,230.69
2030,136.67000000000002,185.82,363.06999999999994,136.63,474.57000000000005,160.9,230.55999999999997,456.7900000000001,286.75,239.74,230.9,230.75,237.45000000000002,160.72000000000003,458.79,425.21999999999997,271.75,278.88,204.82999999999998,332.58000000000004,234.95000000000002,212.58,196.08999999999997,215.01,412.20000000000005,348.27,494.66999999999996,356.32,223.79000000000002,425.04999999999995,136.28,235.41000000000003,146.57,233.26,147.45,435.39,485.71,253.06,136.51000000000002,297.88,254.42000000000002,409.65,318.94,180.5,179.2,214.07999999999998,200.76999999999998,221.17,280.20000000000005,261.38,200.13000000000002,188.39,219.26,191.55,276.6,244.97,326.93,287.79999999999995,190.14,195.32,215.63000000000002,225.01000000000002,315.92,226.57000000000002,189.05,237.25,204.03,277.06,199.91,389.37999999999994,200.3,346.07000000000005,157.15,164.45,210.82000000000002,265.42,178.53,184.92999999999998,210.79999999999998,250.83,265.82,180.97,198.81,271.84000000000003,212.98000000000002,200.62,456.03,286.62,229.96,207.25,196.28,203.57,228.87,187.78,258.44,72.215,182.87,244.09000000000003
2031,194.49999999999997,259.58,323.93,177.31,552.98,210.42000000000002,265.56,470.01,319.54,307.8,288.65,265.06,256.95,209.49999999999997,802.5,331.66,275.21,462.21,218.52,382.28999999999996,247.42999999999998,237.76,238.14,226.94,442.76,400.15,378.69,537.59,290.59,381.53,172.96,332.20000000000005,211.09,384.84999999999997,411.90999999999997,169.79999999999995,508.44,317.5,169.64000000000001,332.35,329.75000000000006,696.9399999999999,378.7800000000001,258.19,247.01000000000002,222.39,211.75,227.54,338.59,274.91,218.77999999999997,251.06,226.49999999999997,192.91000000000003,385.42,263.56,290.23,385.21999999999997,191.36,217.11,220.71,228.46,330.16,231.75,209.95,209.4,212.42,403.91999999999996,200.75,249.71999999999997,292.5,348.73999999999995,203.39000000000004,176.83,201.01,282.59000000000003,206.51,212.08999999999997,212.70000000000002,254.05,285.77,250.03,301.31,385.72,220.99,220.37,743.93,328.86,222.11,276.11,227.03999999999996,218.60000000000002,237.94,288.04999999999995,223.54,144.73000000000002,203.93,279.1
2032,68.47500000000001,194.85,274.65,55.093,335.44,171.4,238.82,435.49,276.13,234.39999999999998,235.14,224.71000000000004,219.24,171.32999999999998,332.33,241.57999999999998,223.59000000000003,285.49,211.44,298.54,194.87,224.64000000000001,213.22000000000003,186.10999999999999,419.88,203.15,271.54999999999995,287.67,217.03,269.56,70.859,163.67,120.99,233.97999999999996,122.05000000000001,65.017,363.72,257.69,125.15,258.53000000000003,240.64999999999998,308.78999999999996,304.61,203.94,212.77,197.41,200.43999999999997,195.13,326.89000000000004,261.21,209.16999999999996,201.40999999999997,194.27,172.73,316.29999999999995,259.28999999999996,187.29999999999998,286.27000000000004,179.54,170.4,206.01,201.76,266.21,198.88,159.79999999999998,195.70999999999998,201.74,355.79999999999995,194.61,214.62,232.17999999999998,339.34,185.65,153.20000000000002,192.82999999999998,261.43,188.4,195.89000000000001,136.357,228.31000000000003,232.39000000000001,194.71,208.54999999999998,328.5,207.07000000000002,207.81,314.15999999999997,318.21000000000004,200.64000000000001,197.71999999999997,191.95,181.88,190.25000000000003,199.88,209.10000000000002,125.59000000000002,207.44,253.49
2033,0.0,158.68,224.73,0.0,352.99999999999994,128.73000000000002,213.23,416.55000000000007,260.57,206.76,225.08,193.32,201.42000000000002,126.18,410.96000000000004,224.01999999999998,204.79,267.13,189.39,260.68,196.19,206.32,223.77,148.44,359.96999999999997,77.82,219.30999999999997,299.46,196.71999999999997,355.35,0.0,129.45,0.0,207.99000000000004,0.0,0.4908,171.12,218.57,0.0,133.31,188.19,376.56999999999994,242.54999999999998,193.45,170.34,194.15999999999997,0.2776,185.92000000000002,300.87,252.05,198.45000000000002,164.77,175.23000000000002,163.54000000000002,226.41,256.73,128.11,238.36,175.82000000000002,137.14,190.88,167.30999999999997,239.45999999999998,195.17,178.95,228.44,189.35,318.51,209.64,188.82,226.21000000000004,281.23,175.05,116.9,143.32,207.21,178.5,175.5,187.60999999999999,210.76999999999998,224.45999999999998,157.64000000000001,158.45,218.14999999999998,192.46,203.13000000000002,392.82,290.18,175.82000000000002,201.43,190.76000000000002,182.03,212.93,204.24,192.08,23.410999999999998,191.32,269.16
2034,131.09,233.11,266.85999999999996,130.44,351.40999999999997,148.67000000000002,271.66999999999996,430.70000000000005,290.41,257.12,225.42,259.47,218.29,152.10999999999999,255.45,261.5,226.12,294.45,197.32000000000002,297.18,208.28,236.68,218.85999999999999,178.06,408.19,222.92000000000002,320.59,299.09000000000003,256.44,335.49,130.32,220.49,132.03000000000003,261.37,132.23,130.19,461.66,252.8,130.23000000000002,278.89,268.58000000000004,325.71000000000004,321.27,218.92000000000002,218.89999999999998,204.04999999999998,285.25000000000006,209.1,325.30999999999995,254.73,211.32000000000002,212.36,208.93999999999997,246.36999999999998,298.08,256.34000000000003,210.23000000000002,363.03999999999996,247.25,129.17999999999998,214.71,197.73,255.46,211.12000000000003,200.32,246.80999999999997,199.99,346.15,251.23,212.32,250.19,336.49,228.76999999999998,156.89,206.49,261.54,197.87,186.50000000000003,200.29,230.28,240.93,195.70000000000002,246.02999999999997,330.57,215.10000000000002,215.67000000000002,329.11,313.36,209.32,247.89000000000001,197.67,204.83999999999997,209.15,181.81,209.73,122.22,212.23999999999998,361.64
2035,477.89000000000004,327.88,411.36,453.53000000000003,555.9200000000001,298.36,364.59000000000003,556.42,405.64,345.6,380.61,389.64,353.69,299.22999999999996,624.15,357.13,404.48,452.52000000000004,252.77,442.94,332.84000000000003,344.81,246.90999999999997,283.27,522.7199999999999,464.59000000000003,1236.4,423.49,346.85,499.21000000000004,435.7,400.43,1160.0,388.38,1155.2,233.26,575.2500000000001,412.08000000000004,775.9,474.85,423.24,451.57000000000005,458.00000000000006,331.73,336.94999999999993,246.37000000000003,394.7699999999999,245.98999999999995,450.57,309.97,269.79,301.58,239.96,525.05,451.76,296.68,390.09999999999997,479.93,371.20000000000005,318.01,303.4,260.57,414.3,255.35,231.57,286.03,271.15,459.62,308.02,334.5,372.34,539.1999999999999,343.45000000000005,268.45000000000005,240.89000000000001,326.56999999999994,428.85,248.01999999999998,231.26999999999998,281.63,307.54,292.04999999999995,392.24,430.12999999999994,272.38,415.33000000000004,479.84000000000003,394.69000000000005,246.01999999999998,326.53,309.27000000000004,256.06000000000006,271.51,317.17,364.3499999999999,540.74,277.68,531.5600000000001
2036,748.3499999999999,541.86,554.03,719.06,746.46,438.26,526.7,696.5999999999999,516.53,486.41,552.6800000000001,606.73,532.6999999999999,406.71999999999997,927.4999999999999,489.23,526.6099999999999,495.92,450.02000000000004,596.25,491.08,478.86,341.26,697.04,639.0400000000001,583.85,616.89,579.55,605.85,501.38,768.07,521.4300000000001,1472.5,719.12,1463.2,557.11,682.4800000000001,492.37,1045.2,718.11,707.06,824.0999999999999,574.8799999999999,542.25,523.6600000000001,309.45000000000005,469.69000000000005,246.22000000000003,434.5,499.56999999999994,499.98999999999995,669.21,250.54999999999998,316.41999999999996,666.84,407.39000000000004,446.57,674.2500000000001,330.67,684.71,513.43,244.60999999999999,559.8100000000001,253.23,258.59000000000003,243.63000000000002,454.21999999999997,743.9399999999999,305.65,448.59000000000003,668.5500000000001,644.3799999999999,292.58,543.4000000000001,365.94999999999993,536.1500000000001,455.16999999999996,363.22,265.09000000000003,271.18,534.49,500.39000000000004,662.5600000000001,840.4000000000001,477.70000000000005,410.36,896.0999999999999,651.8800000000001,268.29,753.7399999999999,469.83000000000004,257.94,265.76,218.88,504.96999999999997,784.5,277.92999999999995,579.9399999999999
2037,500.67,242.38,323.76000000000005,212.73000000000002,468.77000000000004,179.37,312.14,478.5,329.33,312.52,300.76,291.55,262.4,177.17999999999998,648.8299999999999,359.39000000000004,292.2,339.39,228.32999999999998,389.70000000000005,275.87,258.58000000000004,231.26,236.24999999999997,454.26,432.34999999999997,386.57000000000005,413.97,292.65000000000003,476.67,176.32,321.62999999999994,764.24,307.65,1033.4,174.19,507.46000000000004,327.03,228.28999999999996,324.35,305.51,581.2099999999999,383.3,235.34,232.7,229.02000000000004,211.74,259.11,411.14,276.65,227.39,243.27999999999997,248.79999999999998,192.32,376.15999999999997,287.86,309.35,327.9,200.78,155.62999999999997,244.42999999999998,238.42000000000002,337.53,258.49,236.19,250.30000000000004,235.41000000000003,389.24,218.25,367.6,279.34999999999997,396.9200000000001,203.97,178.25,214.69999999999996,286.11,214.77,210.33999999999997,223.42,245.73,288.89,240.39999999999998,254.33,386.21000000000004,228.25,241.63,525.47,332.31999999999994,227.67000000000002,265.13,211.14000000000001,204.60999999999999,249.62000000000003,167.5,231.4,149.31,222.59,286.56000000000006
2038,314.51000000000005,186.35,286.41,142.92,295.47,146.4,219.39000000000001,456.74,281.02,224.63,249.07000000000002,216.64999999999998,236.95000000000005,138.44,349.95000000000005,298.7,287.34,262.99,211.42999999999998,320.71999999999997,238.18,227.57,211.35999999999999,173.9,429.90999999999997,372.26,654.1800000000001,286.43,213.08,320.55,137.09,229.66,160.87,221.14,970.3999999999999,150.88000000000002,484.09000000000003,268.66,136.60999999999999,230.04000000000002,232.29000000000002,322.56,322.13,182.25000000000003,178.74000000000004,207.38,249.56,215.34,299.26000000000005,260.24,209.21999999999997,190.51999999999998,215.65,223.49,302.59000000000003,265.95,286.16,240.44,273.65999999999997,190.21,217.64000000000001,246.91000000000003,310.02,234.44000000000003,210.10999999999999,246.45000000000002,206.52999999999997,310.65999999999997,209.01,340.27,200.37,290.44,168.70999999999998,145.2,196.45000000000002,264.29,192.83,195.44999999999996,224.36,248.99,264.35,182.09,196.60999999999999,280.57000000000005,212.12999999999997,214.46,333.82,273.68,215.94,187.23000000000002,199.24999999999997,205.76000000000002,240.07,205.52999999999997,238.5,111.92,184.08,265.84999999999997
2039,1020.4,812.23,517.4300000000001,799.1999999999999,1176.5,756.9000000000001,881.4,639.32,479.81,862.1200000000001,475.93999999999994,857.13,442.8500000000001,755.2,1471.0000000000002,852.9,500.43000000000006,1001.2,303.87,529.36,436.65,393.24,303.36,633.7299999999999,591.84,573.44,720.4300000000001,1131.6,1020.5999999999999,1210.3999999999999,734.1,894.3100000000001,740.0,879.7,1478.9,662.5500000000001,643.48,469.86,734.5,919.3399999999999,893.6,1358.7,548.3,861.89,861.91,301.99,394.66,239.21000000000004,949.8,442.86999999999995,402.28999999999996,972.3000000000002,285.07,408.45000000000005,955.6999999999999,396.92999999999995,707.12,947.0999999999999,442.76,966.4000000000002,378.53,269.42,527.1600000000001,283.83000000000004,277.54,307.02,411.67,848.3299999999999,395.44999999999993,420.33,882.9999999999999,933.3,323.59999999999997,847.49,286.0400000000001,446.96000000000004,356.25999999999993,321.36,270.1,241.98,423.45,829.56,873.8,955.6999999999999,390.45000000000005,331.45,1449.8000000000002,983.5000000000001,289.86,1100.2,408.27000000000004,267.32,255.38000000000002,408.63000000000005,437.57000000000005,688.86,407.37,458.70000000000005
2040,566.0999999999999,269.96000000000004,350.2,183.91,469.84999999999997,192.15,310.14,513.08,408.13,325.91,313.86999999999995,304.87,282.68,188.31,666.6600000000001,345.66,347.62,369.21999999999997,233.9,417.41,303.09000000000003,294.15999999999997,232.63,236.45999999999998,491.94,468.46999999999997,605.0999999999999,361.28000000000003,286.76000000000005,467.46,186.66000000000003,321.76,295.09,303.68,295.22999999999996,139.04,540.6899999999999,331.52,184.98,336.26,339.66,558.57,430.39,245.16000000000003,236.28,233.01999999999998,410.93000000000006,254.13000000000002,359.51000000000005,298.84,251.11,249.18,250.05,338.41,347.82,304.44,253.69,334.66999999999996,406.2,193.62,259.34999999999997,238.17000000000002,386.01000000000005,257.39,263.41,246.2,242.5,357.47,264.34000000000003,373.68,277.51,366.93000000000006,235.46000000000004,188.27,219.22,320.53999999999996,240.38,227.14000000000001,254.26999999999998,248.84999999999997,321.68000000000006,235.29999999999995,271.71000000000004,394.92,249.29,244.48999999999998,610.68,288.08000000000004,252.8,289.97,241.75,261.82,240.89,180.67000000000002,300.71000000000004,234.96999999999997,284.62,323.15000000000003
2041,1372.7,1116.2,940.0,1373.0,1625.2000000000003,1376.6,1261.0,841.4999999999999,783.04,1307.3,676.74,1252.4,654.92,846.9000000000001,1771.8000000000002,1285.1,614.54,1537.1,439.77,818.9000000000001,668.5099999999999,760.0999999999999,460.1,749.4599999999999,827.2,805.75,998.1999999999999,1601.8,1561.0,1610.1999999999998,1669.7,1317.1000000000001,1927.4,1299.6,1948.1999999999996,1418.6,903.3,791.7500000000001,1843.4999999999995,1354.8,1388.1,1693.9,811.3999999999999,1265.6000000000001,1450.3000000000002,393.11,1413.48,306.45000000000005,1374.1599999999999,673.33,499.37,1282.3,402.34,1191.01,1256.1,696.26,1064.21,1377.8,1141.2,1262.3,550.5,446.91999999999996,785.38,299.93,310.95000000000005,399.62,526.78,1325.3999999999999,586.9100000000001,517.29,1231.5999999999997,1505.8,1076.0,990.8999999999999,391.73999999999995,776.1199999999999,488.81999999999994,495.09,307.18,400.39,691.0799999999999,1132.3,1217.6,1303.8,537.22,516.34,1729.3000000000002,1165.3999999999999,405.22,1294.7,525.14,365.40999999999997,386.58000000000004,1325.0800000000002,816.73,873.5999999999999,918.8999999999999,587.0500000000001
2042,815.2899999999998,707.1499999999999,509.75,828.34,1015.1,725.1199999999999,668.4799999999999,648.0699999999999,500.35,697.05,481.11,671.81,461.34000000000003,539.74,1240.7,703.0899999999999,491.12,838.32,337.11,550.04,454.51,407.74,318.93999999999994,458.96,611.11,569.0999999999999,576.51,916.2,917.69,1021.1999999999999,1087.4999999999998,727.9,1472.4,779.3299999999999,1388.1,626.5400000000001,631.1600000000001,472.25,1257.5,733.0100000000001,719.71,1171.1,526.05,715.72,715.86,401.29,380.85,301.56000000000006,744.51,411.05,337.94,641.7,287.01,300.18,676.7500000000001,388.16,832.3000000000001,698.61,278.62,436.16,372.26,284.1,518.0,266.6,279.51,264.0,309.20000000000005,702.24,264.40999999999997,424.06,616.8100000000001,738.7099999999999,317.94,385.76,248.99999999999997,471.45000000000005,315.86,286.25,278.14000000000004,282.44,408.40000000000003,527.5,576.9200000000001,751.75,339.06,322.8,1252.3999999999999,551.15,302.78,862.1,306.84999999999997,265.14,285.39000000000004,598.16,378.53999999999996,427.73999999999995,250.96,376.18999999999994
2043,689.32,320.88000000000005,348.39000000000004,698.4,383.26,248.74,487.82000000000005,532.18,370.47,449.78000000000003,323.28999999999996,460.35,285.45,213.94,989.8999999999999,557.3199999999999,330.56000000000006,335.35,236.75999999999996,433.86000000000007,314.22,280.89000000000004,240.25,374.93999999999994,518.1,480.94999999999993,352.88,739.91,532.39,264.14,850.0,568.19,1282.3000000000002,530.1300000000001,1199.1,272.22999999999996,573.4399999999999,379.08,1019.5,575.89,593.8,796.3,448.15999999999997,330.41999999999996,332.24,244.03,219.24999999999997,247.45999999999998,266.88,310.23,250.01,360.33000000000004,247.79999999999998,207.3,539.84,318.8,358.27000000000004,594.37,205.23000000000002,218.51,268.93,250.14999999999998,454.39,248.7,228.53,265.44,259.73,509.74,220.28,329.46999999999997,430.63,606.71,198.79,252.34,224.61,318.48,274.18,248.39000000000004,240.73999999999998,254.67000000000002,325.80999999999995,448.6099999999999,462.09999999999997,558.62,260.27000000000004,245.68999999999997,936.5999999999999,444.73999999999995,246.18,585.49,275.81,236.33,240.71,183.01,256.78999999999996,278.38,222.30999999999997,303.44
2044,446.44000000000005,208.97,296.65999999999997,427.65,439.0,166.75,261.95,459.83,289.87,272.99,249.7,258.06,229.82000000000002,166.56000000000003,560.26,383.21000000000004,232.50000000000003,322.51,220.02999999999997,310.08,233.91000000000003,227.37,208.34,232.29,438.72,374.53999999999996,264.89,380.84,243.82,439.23,417.53,279.56,954.6000000000001,260.78000000000003,976.8000000000002,66.851,475.46999999999997,268.65,597.3199999999999,273.46999999999997,241.76999999999998,504.91999999999996,330.71999999999997,214.76,211.20000000000002,213.08999999999997,239.84,230.89,331.40000000000003,263.95000000000005,215.27,216.08,228.35999999999999,251.41000000000003,332.3,265.94,163.51999999999998,253.26000000000002,276.81,137.67999999999998,217.40000000000003,226.85,297.34000000000003,246.86,203.17999999999998,222.63,212.75,299.46999999999997,225.93999999999997,221.04999999999998,240.13000000000002,370.30999999999995,229.57,162.1,197.98000000000002,263.55,189.23,194.25,193.57,245.99,270.56,212.41000000000003,211.86,333.06000000000006,211.20999999999998,211.95000000000002,546.67,305.19000000000005,224.62,219.88,192.11,218.25,230.03000000000003,238.84,206.42000000000002,114.12,184.53,265.06
2045,392.66999999999996,216.88999999999996,334.88,458.81,380.21000000000004,177.09999999999997,256.11,466.13000000000005,306.61,257.22,257.40999999999997,249.26,231.21999999999997,186.06,537.5,335.88,298.90000000000003,323.98999999999995,213.79000000000002,362.87,274.86,236.75,214.06999999999996,212.88,440.28000000000003,393.84000000000003,417.57,325.43,252.57999999999998,330.37,397.8400000000001,264.56,1017.8,259.46,1021.8,116.38,499.3500000000001,274.21,626.9500000000002,264.43,257.22,434.16,336.22,215.79,214.55999999999997,217.63,225.66,236.64,306.98,295.05,216.94000000000003,219.28,212.01999999999998,216.35999999999999,356.41999999999996,272.95000000000005,270.78000000000003,361.2,213.49,157.41,217.88,237.3,347.64,227.83,216.11,254.84000000000003,210.20999999999998,344.24,215.4,321.79999999999995,246.67,362.58,207.88,167.89999999999998,201.87,274.41,196.89000000000001,203.05999999999997,208.02,245.56,274.35,210.35000000000002,225.76,350.21,215.52,217.85,467.26,294.0,221.22,231.91000000000003,206.83999999999997,220.25,246.07000000000002,219.24,220.35,145.26999999999998,221.07999999999998,298.58000000000004
2046,566.5,290.25,345.17999999999995,192.26000000000002,529.78,197.14,325.13,521.65,321.62,394.22,307.22,365.03000000000003,285.11,195.4,494.59,413.08000000000004,354.95,406.74,229.92000000000002,390.16,278.63,266.67,227.76,272.03,477.83000000000004,447.99,450.94,521.9,340.68,546.65,196.73000000000002,415.59000000000003,311.67999999999995,366.71000000000004,1130.8,137.47,530.02,322.91,382.06,380.12,402.07,409.52000000000004,401.11,254.18,254.2,215.26,249.01,220.87999999999997,412.65,282.09,239.38,308.3,226.59,200.98,392.93000000000006,289.39,265.72999999999996,380.0,206.35999999999999,195.79,250.23000000000002,224.49,362.76,229.06000000000003,210.45,232.55,234.39999999999998,366.67,219.33999999999997,412.8,318.47,381.22,212.9,204.07,206.45,281.33000000000004,244.26999999999998,205.5,218.47000000000003,238.86999999999998,274.01,300.67,286.61,466.39,240.76,228.08000000000004,469.11,291.61,221.38000000000002,339.76000000000005,239.25,222.32,231.56,199.01,262.17,261.21,212.1,299.38
2047,224.17,264.39,314.27,224.15,454.41999999999996,210.0,325.53000000000003,517.91,370.37,337.33,313.91,336.48,248.96,226.89999999999998,620.6600000000001,352.80000000000007,266.94,259.6,217.81,406.29999999999995,286.01,268.03000000000003,223.17,269.45,472.62,426.94999999999993,335.53000000000003,413.12999999999994,337.74,233.99,213.48000000000002,355.15000000000003,244.21,342.91,245.57999999999998,130.33,525.31,310.07000000000005,194.39,354.34,350.59,611.3299999999999,340.1,253.91000000000003,248.89,215.54,190.94,223.53,230.54000000000002,299.03000000000003,220.54000000000002,264.05,235.5,179.52999999999997,397.58000000000004,287.68,286.55,392.02,178.91000000000003,276.70000000000005,223.82000000000002,221.64,340.60999999999996,231.37,212.48000000000002,205.53,228.31,339.61,190.39999999999998,285.7,284.73,393.68,185.64000000000004,180.59,204.54,300.22,242.98000000000002,217.85000000000002,224.02,253.42999999999998,266.17,251.85,281.27,416.30999999999995,220.54,243.48000000000002,615.78,280.09,220.66,267.23999999999995,248.10000000000002,214.57999999999998,247.79999999999998,180.07,225.74,239.9,189.22000000000003,277.78999999999996
2048,0.0,157.08,233.70000000000002,0.0,242.7,117.56000000000002,198.72,405.72999999999996,255.45000000000002,200.96,228.11,189.24,207.28,117.53999999999999,289.40999999999997,207.22000000000003,205.17000000000002,236.21,191.11,270.73,213.18,205.04999999999998,203.61,145.41000000000003,364.92,230.89,226.57,246.29,194.44,255.32,0.0,204.4,0.0,196.16,0.0,0.0,425.05,221.60000000000002,0.0,206.26,181.33999999999997,278.84999999999997,251.45,164.42,165.16000000000003,189.03,0.0,191.99,276.04,246.72999999999996,207.60999999999999,165.53,187.48999999999998,166.26,224.01,241.79,94.5,225.1,178.58,131.95999999999998,193.64,177.91,249.34000000000003,196.29000000000002,185.82,200.73999999999998,191.41,238.22000000000003,176.0,186.57,175.37,242.18999999999997,128.43,117.44,137.0,240.64,180.70000000000002,184.75,185.13,218.13,217.36,159.17000000000002,156.61,224.07,197.67000000000002,198.16,276.78000000000003,235.26,174.71,160.16000000000003,183.17,189.84,227.12,127.27000000000001,193.9,31.634,137.8,239.08
2049,31.32,189.14999999999998,251.45,30.133000000000003,204.23000000000002,152.76,272.07,185.07,276.26,261.89,226.5,251.95,217.89,154.94,423.27,279.67,203.88,200.59,213.4,287.99,200.04999999999998,216.56,240.54000000000002,164.67,381.07000000000005,184.51999999999998,235.91000000000003,329.47,207.35999999999999,205.04,33.163,274.31,32.834,193.14000000000001,27.862,130.78,193.93,236.80000000000004,28.235,155.73000000000002,252.48999999999995,241.66,283.96000000000004,217.83999999999997,217.97999999999996,197.57000000000002,193.16000000000003,200.37,207.24999999999997,265.75,200.61,194.51,189.69000000000003,182.57999999999998,261.71999999999997,242.82999999999998,126.05,291.93,184.43,152.27,201.93999999999997,191.7,246.32999999999998,186.13,190.82,208.76,195.58999999999997,333.06,192.63000000000002,198.85,241.04000000000002,311.84000000000003,175.92,150.42,197.13,241.57000000000002,185.97,184.49999999999997,190.24,229.48000000000002,235.46,186.05,187.74,276.28000000000003,200.10999999999996,218.31,439.30999999999995,271.85,193.32999999999998,266.19,189.01999999999998,192.37,220.36999999999998,109.99000000000001,197.53,59.196,187.17,287.85
2050,28.584,203.21,241.51000000000002,28.180000000000003,389.40000000000003,90.54,257.2,176.1,255.4,254.29000000000002,218.25999999999996,245.7,193.55,174.60000000000002,292.73,265.89,197.63,302.91,191.02,274.40000000000003,196.85000000000002,203.05,232.49,211.94,178.88000000000002,174.2,238.0,330.45,257.07,399.55999999999995,33.35,182.44,32.721000000000004,267.31,27.240999999999996,45.193,162.81,227.82,28.161,177.62,238.63000000000002,541.6600000000001,269.07000000000005,208.96,210.23999999999998,184.54999999999998,140.15,204.76999999999998,327.63,252.48999999999998,194.86999999999998,215.36,195.8,201.14999999999998,280.07,233.59,143.85,301.47,193.57,125.4,190.09,190.69999999999996,238.19999999999996,212.17000000000002,182.07,244.90000000000003,191.51,327.1,246.9,183.75,225.19,284.53000000000003,192.87,154.76,164.42000000000002,227.90000000000003,187.54,179.38000000000002,186.08,223.35000000000002,233.44,201.07999999999998,203.16000000000003,234.83000000000004,190.85,200.13000000000002,588.78,258.34999999999997,191.45999999999998,424.4200000000001,184.42999999999998,185.03,222.39,171.9,183.88,61.391999999999996,197.16,237.25999999999996
2051,1176.7,1136.0,969.3000000000001,1178.5,1077.4,470.97999999999996,846.9,577.29,437.69,870.3999999999999,451.22999999999996,878.7,457.0199999999999,691.8800000000001,1502.9999999999998,887.0999999999999,481.1,899.8000000000001,288.62,478.65,361.26,475.19,296.92,792.06,561.05,499.43,1066.9,1175.1,1080.5,784.05,1411.4,923.3999999999999,1445.8,888.8,1497.1,654.8299999999999,601.2800000000001,444.17999999999995,1425.8000000000002,935.5,928.4,1059.4,505.08,735.0999999999999,737.56,258.35,1292.4,288.65999999999997,660.4499999999999,342.83000000000004,328.48999999999995,898.7,245.04000000000002,482.82,877.43,343.49,537.17,1012.6,490.22,1015.3,332.64,262.48,454.10999999999996,254.02999999999997,257.02,240.55,311.55,894.5,449.72,445.08,842.6000000000001,950.8,507.73999999999995,672.65,263.16999999999996,509.52000000000004,404.58,347.95,257.08000000000004,267.86,387.08,745.94,839.7,924.8,303.51,378.15000000000003,1500.0,782.27,243.17,971.5999999999999,378.25000000000006,235.98,239.31,324.40000000000003,451.22,338.81999999999994,410.92,448.56
2052,609.73,219.88,342.52000000000004,586.17,586.31,160.04000000000002,263.68,470.31999999999994,334.4,289.07000000000005,267.21999999999997,288.99,249.76999999999998,167.36,677.95,548.97,312.47,397.65,227.57,395.09999999999997,262.77,242.41,222.84,239.96999999999997,458.41999999999996,388.65999999999997,361.73,572.1299999999999,256.62,614.9300000000001,560.9200000000001,295.46000000000004,1034.6000000000001,287.06,1054.8,341.25,503.13,295.47,625.74,301.62,330.04,534.44,389.01,208.84,208.60999999999999,208.92,306.71,241.06,404.66,280.11,223.42,214.54999999999998,235.59,230.77999999999997,343.6,288.65,274.42,364.25,227.92999999999998,187.49,228.97999999999996,253.95000000000002,375.64,239.79999999999998,234.16000000000003,247.23000000000002,219.53000000000003,362.58,242.19,314.87,242.51,381.53000000000003,205.58999999999997,166.07,202.19,308.5899999999999,212.31,209.88,222.76999999999998,250.96,313.15999999999997,210.38,230.92,342.69,221.17,225.23,618.2700000000001,292.54999999999995,250.44,244.79000000000002,212.75,226.01000000000002,249.17000000000002,253.03,274.46999999999997,111.1,234.01000000000002,310.14
2053,580.61,264.72,294.66,190.79999999999998,397.68,122.57999999999998,369.76,438.12,293.41,422.9100000000001,251.06000000000003,344.45,245.82999999999998,189.83,915.3999999999999,423.33000000000004,250.27000000000004,452.24999999999994,234.42,323.53000000000003,307.36999999999995,243.05,235.36,82.41000000000001,405.4,362.03,261.97999999999996,496.78000000000003,212.86,296.48999999999995,184.35000000000002,450.4,210.67000000000002,305.83,989.7,59.827,463.42999999999995,260.21999999999997,189.24,446.72,352.95,762.59,326.96999999999997,323.21,306.7,215.54999999999998,199.76,231.84,280.52,277.96999999999997,228.34,286.19,231.7,183.34999999999997,357.73,281.61,197.11,398.33,189.88,138.64000000000001,217.23,222.70000000000002,293.27,246.76,223.25,236.12999999999997,212.05,484.40999999999997,204.86,217.79,348.29,478.06000000000006,190.41,186.74999999999997,208.17,292.89,188.75000000000003,213.26,220.10999999999999,255.12000000000003,295.21999999999997,293.33000000000004,261.39,398.59999999999997,217.77,225.85000000000002,892.5999999999999,348.46000000000004,233.33999999999997,325.92999999999995,205.74999999999997,226.76999999999998,228.93999999999997,183.74,212.14999999999998,102.28999999999999,206.28,277.69
2054,325.90999999999997,223.98999999999998,366.12,285.71000000000004,226.14000000000001,190.75,265.3,495.06,325.73,267.47,296.72,266.31,258.89,190.28,526.59,270.3,318.40999999999997,220.93,226.58,357.61,268.57,248.56,242.16,222.41000000000005,466.57000000000005,411.99999999999994,374.85,358.42999999999995,265.49,228.48,205.54999999999998,271.71,766.5,266.32,1053.3999999999999,187.54000000000002,512.5,313.16,624.6700000000001,275.15,262.57,430.0,390.80000000000007,218.15,215.61,211.41000000000003,199.26,235.86999999999998,229.82999999999998,275.18,224.00999999999996,221.84999999999997,228.16,189.02999999999997,295.37000000000006,282.89,313.77,298.16,185.42999999999998,217.81,314.44,230.51,351.30999999999995,235.60999999999999,222.79000000000002,242.4,213.66,371.86,192.76,270.88,237.48000000000002,364.43,185.8,212.8,220.83,299.43,338.2,202.57,213.93,241.72000000000003,276.78999999999996,212.08999999999997,223.46,264.23,224.70999999999998,319.01,428.18,325.58,231.26999999999998,225.96,277.27000000000004,229.17000000000002,231.92000000000002,185.19,223.61999999999995,208.63,193.74,366.35
2055,132.32999999999998,181.49,280.08,132.35,231.05999999999997,134.37,211.03,446.14,270.13,214.45000000000002,235.23999999999995,211.38,214.48,134.37,323.25,218.48,222.84,248.97,199.42000000000002,305.64,231.34000000000003,217.89000000000001,220.52,167.64000000000001,401.32000000000005,246.73,359.82,268.62,200.33999999999997,258.77000000000004,132.24,218.21,133.04,212.41,171.74,110.17000000000002,450.68000000000006,254.72,132.27,219.95,210.45999999999998,302.71,297.03,177.23,175.57,196.65000000000003,204.89,209.44,291.05,271.65999999999997,198.06999999999996,181.27,200.51999999999998,185.42,284.12,252.66,183.19,285.79999999999995,186.31,127.71,207.4,200.73000000000002,267.12,212.91000000000003,198.34000000000003,213.14000000000001,199.85000000000002,309.6,192.57,207.76000000000002,193.08,262.56,162.93999999999997,135.6,186.37,272.94,189.64999999999998,191.41,193.73,239.28999999999996,224.58999999999997,174.16,186.89000000000001,252.66000000000003,206.56999999999996,207.47,305.32000000000005,230.40999999999997,201.42,177.62,191.19,196.51,231.54000000000005,176.69,203.60999999999999,104.27000000000001,173.75,290.68
2056,219.92000000000002,268.96,284.25,245.12,568.28,216.48000000000002,368.54,439.88,277.89,378.20000000000005,246.37,354.04999999999995,221.14,233.19,677.23,391.62,247.15000000000003,456.6400000000001,195.69,303.98,221.51999999999998,225.64,201.5,311.45000000000005,413.61,214.44,258.37,470.66999999999996,388.31,297.91,219.48,230.26,340.34000000000003,338.44,340.34,117.8,465.7199999999999,245.34999999999997,228.42,396.02000000000004,345.41,546.2099999999999,331.21000000000004,264.52,263.34000000000003,194.47999999999996,239.36999999999998,218.03,296.33,242.39000000000001,204.06,261.51,193.12999999999997,181.18,326.72999999999996,254.70000000000002,186.01999999999998,422.31000000000006,183.82999999999998,250.93,204.26000000000002,199.89999999999998,263.06,222.50000000000003,182.95999999999998,229.52999999999997,198.70999999999998,433.39,201.61,213.69,315.13,385.27000000000004,195.08,194.15,176.12999999999997,241.9,189.51999999999998,182.77999999999997,180.04,225.54000000000002,234.53000000000003,283.04,281.12,333.67999999999995,201.69,207.90999999999997,593.36,261.98,196.29999999999998,397.47,187.9,195.67000000000002,232.60999999999999,189.23000000000002,194.16,182.89000000000001,187.92,254.47000000000003
2057,773.3299999999999,1218.2,1176.6999999999998,781.99,963.0,588.44,698.07,678.4399999999999,719.2,657.33,720.4,1218.2,720.0,553.3399999999999,1247.3,678.8699999999999,896.3,834.76,307.77,536.4200000000001,431.37,711.88,336.59,607.37,621.3499999999999,605.75,1199.8,845.6,1435.6999999999998,949.0,1093.2,739.66,1483.3,1249.3999999999999,1481.9,743.83,645.72,486.55999999999995,1202.1,1269.0,1258.9,1124.1,591.2500000000001,1270.6999999999998,1270.3,298.78,1333.9,273.01,1322.8,416.30000000000007,382.95,686.39,277.34000000000003,619.21,1345.0,411.68,1344.1999999999998,1350.6000000000001,796.43,1514.6,394.53000000000003,306.22,556.62,313.77,270.96000000000004,347.01,395.28999999999996,762.6100000000001,428.25000000000006,743.8399999999999,654.1499999999999,1065.7,715.29,625.67,276.45,710.1299999999999,497.53000000000003,364.55,265.19000000000005,262.75,470.16999999999996,576.2800000000001,1268.1,1338.8,366.93,537.29,1239.6,662.75,287.47,988.7,439.02,269.7,259.78000000000003,1291.5,784.6999999999999,629.36,460.89,638.7
2058,990.6999999999998,831.0000000000001,890.9,1013.6999999999999,1026.3,844.3,857.4000000000001,698.22,536.1999999999999,841.2,557.23,833.5999999999999,516.36,849.3000000000001,1143.8000000000002,804.9999999999999,603.5699999999999,769.8599999999999,471.56,565.32,521.9999999999999,479.5799999999999,376.27,1116.5,644.8399999999999,615.4,925.9000000000001,898.7,797.3600000000001,994.5,1059.3999999999999,826.3000000000001,1468.8,854.7,1481.6999999999998,1041.5,692.13,525.99,1141.6,826.1999999999999,860.2,1046.6000000000001,581.5999999999999,891.3000000000001,844.7,439.37000000000006,289.32,272.79,447.16,517.95,510.06000000000006,806.56,303.71999999999997,259.87,960.4999999999999,514.94,840.59,969.6,338.5,810.8,432.97,272.61,575.6,295.49,291.45,282.66,501.9,971.0,237.89,534.65,850.1,835.7,410.04,830.9000000000001,412.68999999999994,531.49,382.66,459.63,284.02000000000004,283.32000000000005,494.57000000000005,830.9000000000001,872.6999999999999,960.6999999999999,454.6,365.9,1147.1,966.7,291.16999999999996,1099.5,534.4599999999999,283.89,290.96999999999997,219.22,539.34,947.8,452.86,594.3
2059,815.71,423.4,541.99,810.3600000000001,575.08,372.18,524.23,663.7799999999999,533.06,528.24,501.53000000000003,590.17,482.56999999999994,336.85,628.84,537.01,517.85,450.90999999999997,335.28,596.59,474.18,451.02,329.23,404.22999999999996,619.98,605.5600000000001,868.5,585.78,446.63,228.90999999999997,541.75,540.04,1453.3999999999999,531.9,1457.1000000000001,405.65,663.4,531.6800000000001,1079.8000000000002,559.12,599.4200000000001,503.34999999999997,602.06,427.30999999999995,378.56000000000006,299.64,214.57,252.18999999999997,416.0,443.70000000000005,401.65000000000003,439.01,262.3,203.89999999999998,539.86,443.51000000000005,412.29,566.36,211.8,466.95,406.36,256.82000000000005,603.97,274.44,264.96,252.20000000000002,382.94,583.71,211.0,492.96000000000004,499.7900000000001,569.72,200.48,315.83,290.95,454.39000000000004,378.65,354.41999999999996,266.75,275.98999999999995,467.63,376.88,536.37,599.85,391.67,383.28,623.07,459.24,267.43,492.17,380.01,260.96999999999997,279.1,207.77,503.64,574.9499999999999,214.73,449.65
2060,201.78999999999996,209.11999999999998,361.42,169.87,313.57,194.1,247.56,506.62,345.61,254.01,292.33,247.21999999999997,274.86,173.24,347.99,257.49,341.90999999999997,286.08,230.82,380.06,277.73,264.31,236.13,213.74,490.25,428.56,488.42999999999995,306.59999999999997,253.26999999999998,319.7,168.46,257.84000000000003,283.37,251.9,1068.4,188.99,528.46,337.48999999999995,201.11999999999998,266.61,263.61999999999995,327.45,399.68999999999994,207.18,204.02999999999997,235.22000000000003,294.33000000000004,240.32999999999998,312.08000000000004,288.39,225.76,212.8,238.11,234.97,292.59999999999997,288.76,280.27,353.97999999999996,239.90000000000003,215.56,240.44,258.23,382.34999999999997,242.37,223.57,248.81999999999996,228.37,355.0,253.18,391.6500000000001,226.76,367.62,213.94,163.99,208.5,294.15999999999997,218.87,208.15,221.24,264.76,290.37,205.7,221.18,297.56,235.14000000000001,234.88,338.46000000000004,312.53999999999996,242.58999999999997,218.60999999999999,220.63,184.25,268.74,222.2,245.20999999999998,182.42000000000002,214.38000000000002,286.70000000000005
2061,175.91,232.85999999999999,354.84,175.93,621.3600000000001,203.76999999999998,294.82000000000005,517.26,357.17,314.62,316.47,274.19,282.6,189.85,796.3,337.68,362.46999999999997,416.93999999999994,221.64000000000001,403.96999999999997,285.33,266.97,236.94,220.64,470.76,434.99,560.74,367.13,330.87,597.0,174.8,354.2,273.59,336.5,1074.8,188.05,520.99,331.98999999999995,177.62,351.18000000000006,397.05,701.55,404.74999999999994,245.02,226.76999999999995,236.5,454.55000000000007,246.94999999999996,393.90000000000003,301.41,234.54999999999998,238.31,246.79,251.58,382.73999999999995,286.2,313.24,393.74000000000007,268.23,251.98999999999998,239.85000000000002,236.67000000000002,396.12,249.01000000000005,226.09,208.40000000000003,230.86,391.15,263.17,354.18,292.94,416.66999999999996,233.96999999999997,175.86,219.16,285.08,236.57999999999998,217.45,220.88,241.96,289.77000000000004,234.10999999999999,291.41999999999996,388.7,223.26999999999998,220.87999999999997,787.8,330.07,245.92000000000004,517.4700000000001,235.31000000000003,242.05,250.83999999999997,345.19,289.77,207.18,234.86,286.67
2062,191.11,253.02000000000004,403.7,190.87,543.52,267.13,319.53999999999996,499.06,314.49,356.24,296.46999999999997,317.36999999999995,254.32,268.49,631.63,359.03,344.96999999999997,445.51,245.59000000000003,380.68999999999994,255.51999999999998,254.31,227.46999999999997,332.96999999999997,467.59000000000003,398.25,1090.9,542.87,383.12,556.15,196.23,336.49,272.01,341.16999999999996,1073.1000000000001,371.56000000000006,530.44,321.45,195.29999999999998,366.26,391.74000000000007,590.87,381.40999999999997,276.12,273.53,230.85,565.0699999999999,256.2,426.21,304.37,229.08,296.75000000000006,258.75,339.80999999999995,387.19,285.22,405.63000000000005,413.70000000000005,488.9200000000001,346.15,240.28,272.22,380.91999999999996,261.46000000000004,243.49,251.74,216.91,396.55,334.4,415.17,274.02,426.53,288.63,287.02,243.31,313.26,216.6,203.20000000000002,243.34,269.62,299.01,257.09,293.54,434.12,222.62,225.66000000000003,669.99,328.43999999999994,262.21,375.26000000000005,231.03999999999996,250.62,260.83,397.15999999999997,312.5,560.54,296.48,444.67999999999995
2063,1858.8999999999996,1406.0,1018.5999999999999,2120.8,1510.1,1076.7,1434.2,1113.3000000000002,675.6400000000001,1616.7,717.7,1558.0,691.42,1046.8,1994.3,1570.3,755.9,1850.3,601.9000000000001,879.3,771.8000000000001,607.79,630.5,1421.4,1131.9,946.1000000000001,1572.1000000000001,2058.2,1714.5,1551.6999999999998,2104.6000000000004,1570.1,2230.7,1577.7,2377.1,1432.9,1226.2,984.5999999999999,2029.8999999999996,1680.3000000000002,1626.3,1758.0,920.6,1362.1000000000001,1378.8,482.3,966.5500000000001,442.09,1285.2,780.4,641.81,1692.2,439.43,452.09999999999997,1245.4999999999998,802.7,931.01,1564.8999999999999,2075.9,1523.2,910.3000000000001,590.1700000000001,951.0,441.32,433.84000000000003,445.32,785.2,1546.5,1372.56,738.38,1672.3,1876.5,1466.8,1381.3,565.88,691.2,874.9,855.1,370.13,473.26,836.3,1510.6000000000001,1522.3,1277.0000000000002,747.55,659.69,2216.5,1384.3,441.62,1691.8,932.0000000000001,435.39,447.53,1170.6000000000001,873.0,1127.8999999999999,1412.04,717.8599999999999
2064,692.88,363.52000000000004,468.68000000000006,701.2699999999999,537.3699999999999,330.18,436.6,620.98,475.70000000000005,458.26,421.9,446.84,389.21000000000004,368.17,834.6,459.94999999999993,455.53999999999996,426.11000000000007,303.72999999999996,526.55,378.80999999999995,381.41999999999996,300.66,383.85999999999996,586.1800000000001,555.9399999999999,557.3,533.79,440.49,560.36,705.03,466.31,1481.9,458.75999999999993,1364.5,316.98,650.1500000000001,498.4,1131.7,473.81,468.12,748.13,535.6899999999999,363.0,367.02,297.39000000000004,526.06,302.73,501.11,385.41,354.93,376.31999999999994,303.47999999999996,367.40000000000003,546.16,396.21000000000004,503.7699999999999,502.89,372.6,390.53000000000003,372.93,291.71000000000004,510.3999999999999,304.55000000000007,301.93000000000006,295.55000000000007,308.13,523.0500000000001,385.36,501.91,419.57,501.96999999999997,358.77,304.35,273.54,390.89,354.71,314.01,306.74,308.59999999999997,392.79999999999995,373.14,400.15000000000003,567.73,333.29,342.19,802.8,485.19,309.62,410.84000000000003,336.59000000000003,294.46000000000004,290.82,258.99,341.6,459.97,334.86,382.31
2065,887.9000000000001,649.84,400.1,899.7,1132.2,654.43,735.5699999999999,570.79,426.19,751.56,380.73999999999995,730.79,356.31,449.96000000000004,1348.1000000000001,757.85,423.10999999999996,921.3,282.29999999999995,484.92999999999995,375.75,335.94,271.81,667.36,556.07,513.32,518.35,1060.9,911.1,1142.1000000000001,1218.7,781.8299999999999,1392.3000000000002,807.5,1394.3999999999999,343.93,599.6800000000001,418.15,1325.2,791.52,789.04,1248.7000000000003,495.71000000000004,657.79,679.73,289.1,642.54,308.98,849.8,359.31000000000006,305.65,726.73,290.88,502.38,820.91,362.54,787.6,817.09,492.5,567.91,328.78,279.16999999999996,466.06999999999994,298.56,293.74,293.9,289.15,815.3399999999999,477.9100000000001,396.12,690.7,793.89,529.25,455.74,264.22999999999996,349.03999999999996,315.45000000000005,288.26,278.52,268.68,357.54999999999995,634.43,695.0,845.9,287.52,284.4,1335.1,626.8100000000001,289.68,862.3000000000001,314.87,301.35,305.39000000000004,767.4,358.94,410.56,388.2,353.34000000000003
2066,947.0,735.9599999999999,973.4,990.3,930.5,744.7299999999999,620.87,597.8100000000001,584.23,784.74,578.92,763.74,575.22,743.3199999999999,1261.3999999999999,771.7,665.73,715.09,521.9,540.9,383.08,480.4000000000001,290.56,810.77,574.0500000000001,541.83,1075.2,899.8000000000001,956.5,925.8,1142.8,790.21,1367.1999999999998,835.54,1401.3999999999999,779.28,607.89,442.93,1204.0000000000002,792.04,886.4,1061.9,512.39,755.25,755.3,521.35,597.38,278.52000000000004,874.6700000000001,535.86,530.4599999999999,928.9,269.12,466.26000000000005,861.99,531.37,878.05,902.9999999999999,613.4599999999999,1042.8,334.94000000000005,263.08,515.03,286.9,294.76,281.02000000000004,486.14,863.1,394.97,841.8999999999999,781.63,749.3999999999999,615.34,741.65,474.47,524.0899999999999,707.98,291.59,295.03,279.6,405.96999999999997,740.8199999999999,775.5500000000001,1015.0999999999999,467.81,312.05,1281.2,873.4799999999999,268.18999999999994,1376.3999999999999,317.52,298.27,284.3,800.5500000000001,541.92,282.88,364.99,589.05
2067,894.5,501.71,524.1500000000001,514.21,393.00999999999993,344.36,601.56,641.08,526.24,608.6700000000001,449.51,593.86,452.72999999999996,345.86,1170.9,603.7,493.0,612.22,324.56,576.53,452.40999999999997,428.13,313.99,460.5,616.02,589.53,633.2900000000001,931.3,603.04,331.0,544.0799999999999,616.62,1404.3,602.77,1425.2999999999997,421.02000000000004,668.06,504.95,1052.3,612.91,619.5,831.6999999999999,578.72,457.13,451.76,308.24,231.48,244.92000000000002,392.01,422.34999999999997,382.97999999999996,530.21,252.81000000000003,216.98,626.31,416.79,482.69999999999993,681.89,220.19,565.24,394.39,237.62,565.81,252.67,264.56,242.28000000000003,348.88,672.19,236.17999999999995,497.2900000000001,551.2800000000001,700.38,213.15,331.96999999999997,289.48,414.28,370.49,332.15000000000003,272.16999999999996,245.59,459.65999999999997,472.37,537.12,676.1700000000001,364.47,347.17,1134.8,519.4,265.7,820.0999999999999,366.11,268.43,253.64,237.14999999999998,438.85,504.92999999999995,229.95000000000002,408.66
2068,265.11,412.04,413.37,265.21,321.59,283.25,466.68000000000006,608.1499999999999,421.67,466.40000000000003,410.35999999999996,483.56,396.15999999999997,266.98,927.5999999999999,501.6700000000001,450.24,475.94,258.65999999999997,494.73999999999995,368.23999999999995,348.44,268.5,387.78,578.0,556.42,668.72,596.96,528.14,245.88999999999996,247.71,484.12,475.12,476.05,1331.8000000000002,311.81999999999994,624.23,452.88000000000005,265.57,487.88,572.37,452.03999999999996,495.87,329.95,302.77,257.8,215.38,253.91,290.01,359.88,339.12,375.63,263.37,204.70999999999998,551.62,368.64,318.99,508.1600000000001,205.69,433.87,351.60999999999996,254.61000000000004,503.54,261.03000000000003,243.61,264.54999999999995,302.70000000000005,510.4,216.32999999999998,456.77000000000004,380.86,584.41,205.76,333.78,226.98999999999998,373.40999999999997,321.11,301.6,240.59,259.72,368.0,414.82,462.55999999999995,609.97,317.14,310.84000000000003,942.8000000000001,359.91,264.46000000000004,387.12,359.49999999999994,261.47999999999996,258.89,206.95000000000002,408.69,556.99,217.64000000000001,365.24
2069,970.6,938.3000000000001,1035.6,986.9000000000001,1159.0,949.8,874.5999999999999,629.23,652.22,879.3000000000001,644.3700000000001,938.1,649.64,960.7,1310.1,881.0999999999999,721.9,841.5,296.31,578.05,518.63,591.47,327.09000000000003,1109.6,631.49,606.73,1239.9,889.5999999999999,1311.2,1143.5,1149.1,880.7,1451.0000000000002,967.0,1463.8,835.8399999999999,701.1299999999999,502.33000000000004,1263.5,941.0999999999999,969.7,1162.3000000000002,618.4100000000001,960.9000000000001,960.8000000000002,645.3199999999999,1169.0,259.22999999999996,1039.6999999999998,442.78000000000003,634.5400000000001,1308.7000000000003,302.25,832.9,1013.5999999999999,441.5400000000001,1015.6,1005.2,781.0,1319.6,407.34000000000003,283.07000000000005,633.32,285.29,266.03,346.37999999999994,612.49,936.7,383.83,949.3000000000001,961.5,791.4000000000001,566.1999999999999,938.1,576.48,654.55,640.76,358.71999999999997,258.58000000000004,289.69,500.89,938.1,941.2,1081.5,584.62,376.2,1296.6999999999998,993.9999999999998,273.40999999999997,1677.6999999999998,411.25,298.34,294.40999999999997,949.5,629.12,969.5999999999999,458.47,647.5
2070,623.48,336.37,590.69,595.13,513.64,371.92,355.63,549.49,416.89,368.56,367.02,378.90999999999997,327.09000000000003,322.29,618.6,369.33,424.1700000000001,460.79999999999995,338.02000000000004,466.82,341.4,328.32,231.58,605.6500000000001,542.9399999999999,496.19,711.9799999999999,470.56999999999994,365.62,518.4599999999999,537.43,369.88,1224.1,367.27,1227.0,527.76,599.5,408.39000000000004,844.0,392.9,418.15000000000003,556.19,457.46000000000004,322.03,338.49,315.09,439.58,267.24,452.47,345.26,322.38,316.05999999999995,278.19,330.8,456.84000000000003,320.84000000000003,449.19,444.19,330.48,303.07000000000005,315.66999999999996,275.86,474.91,266.03000000000003,283.55,275.43,280.87,466.4200000000001,317.59,547.3900000000001,341.11,436.46999999999997,318.53,319.37000000000006,289.96000000000004,350.81,459.31999999999994,377.68999999999994,281.33,274.56,352.96999999999997,339.6,336.63,399.11,266.91,393.89,571.3,394.68,266.03000000000003,364.39000000000004,429.91999999999996,259.40999999999997,259.84999999999997,322.03,396.43,333.26,290.45,493.89
2071,158.07,227.41000000000003,310.95000000000005,157.98,568.02,164.49,310.54,492.52,351.44,316.27000000000004,278.34000000000003,298.7,277.19,164.45000000000002,727.3199999999999,320.16999999999996,303.03999999999996,359.15,239.69,383.42999999999995,288.25,254.90000000000003,248.4,200.95,472.0,430.89,400.98999999999995,470.64000000000004,270.64,580.17,157.85000000000002,321.51,174.25000000000003,312.02,1001.8000000000001,158.03,523.2,335.22,630.1600000000001,323.46000000000004,305.57,636.9799999999999,388.91,224.84,214.55,241.18,461.73999999999995,262.26,402.1,307.18,250.14,235.47,264.60999999999996,304.58,336.28,302.47,285.89,368.89,441.5400000000001,200.48000000000002,251.94,237.60000000000002,355.74,258.37,250.85,248.70000000000005,234.04000000000002,360.93999999999994,293.88000000000005,271.49,261.76,375.34000000000003,262.19,167.38,222.49,297.88000000000005,217.92000000000002,226.99,252.48000000000002,283.31,309.34000000000003,217.29000000000002,239.85,353.9,234.44,244.5,711.34,288.46,255.88,430.95000000000005,211.75,252.33999999999997,251.9,322.51,256.43,136.35000000000002,271.77,306.11
2072,1197.9999999999998,822.1399999999999,893.0,1342.7,1027.0,635.42,726.33,651.8900000000001,522.3,880.3,492.8,829.6499999999999,449.63000000000005,638.04,1678.1999999999998,805.28,517.97,993.6,373.45000000000005,645.03,443.16,466.99,306.52000000000004,1108.8,625.2700000000001,572.1600000000001,569.1600000000001,1182.3,1248.5,633.5799999999999,1562.8,951.8,1656.8000000000002,1007.6000000000001,1642.1999999999998,713.12,666.73,605.21,1665.1,893.7,643.74,984.9000000000001,570.7599999999999,748.42,630.7099999999999,295.15,916.6200000000001,302.40999999999997,595.1999999999999,407.14,427.25,1247.7,273.82000000000005,402.9500000000001,810.8299999999999,450.69999999999993,487.61,978.7,424.46,1089.8999999999999,486.31,298.5,596.79,266.4,276.79,284.46999999999997,341.2099999999999,1134.7,427.79999999999995,487.05,888.0999999999999,1392.2,701.67,803.75,319.90999999999997,484.38,377.24999999999994,370.07,299.38,303.19,446.96999999999997,847.3899999999999,1008.5999999999999,990.28,407.8,329.32000000000005,1677.2,817.9,263.67999999999995,1237.8000000000002,434.90999999999997,305.27,291.01000000000005,385.21,465.55,644.26,345.26,489.31999999999994
2073,933.8000000000001,475.54,487.09999999999997,967.4,1049.1,476.93,646.38,638.33,469.9999999999999,619.04,424.11,603.66,391.38,464.6,1253.1000000000001,627.2900000000001,458.22999999999996,833.3700000000001,295.58,545.71,430.54,370.74000000000007,299.94,522.15,603.0400000000001,559.22,444.55000000000007,928.6999999999999,704.3,1053.8,1064.8999999999999,660.08,1461.6,653.0,1498.6000000000001,397.65,652.18,493.25,1143.8,668.3700000000001,687.63,1149.2,550.52,554.84,551.28,268.15999999999997,1016.3599999999999,287.48,738.22,410.09,346.01,611.8800000000001,319.47,691.7800000000001,685.18,413.18,572.46,708.6899999999999,760.01,556.79,375.58,315.17,531.53,283.66999999999996,274.84000000000003,281.57,338.96999999999997,707.94,632.4200000000001,398.42,609.5,741.24,599.7800000000001,382.10999999999996,271.35,394.29,357.33,331.77000000000004,272.12,291.54,433.79999999999995,475.55,579.86,686.8199999999999,334.79,331.87,1200.5,557.24,311.84999999999997,978.4,376.5,280.28999999999996,288.51,684.5,370.46000000000004,446.34999999999997,593.93,394.36
2074,291.28999999999996,193.01999999999998,399.39,292.71000000000004,307.11,167.53,227.34,469.34,319.96000000000004,228.81,260.22,228.69,247.76,168.39,336.87,232.05000000000004,304.76,266.06,246.8,373.09000000000003,251.35999999999999,239.11999999999995,222.23000000000002,257.46,446.54,388.25,421.40999999999997,282.99,219.32000000000002,309.01,294.57000000000005,233.61999999999995,1035.5,231.47000000000003,1016.2,276.82,511.78000000000003,294.53,592.12,240.01999999999998,240.70999999999998,308.95,342.84,189.67999999999998,184.03999999999996,224.2,382.79999999999995,256.72,305.33,282.1,217.70000000000002,194.13000000000002,246.70999999999998,341.65999999999997,304.17,282.11,314.04,348.83,368.24,198.79999999999998,223.81,268.22,369.67,245.23000000000002,235.56,263.84,212.04999999999998,356.54999999999995,242.89999999999998,411.68000000000006,213.31,371.53,223.26,169.83999999999997,228.58,287.58000000000004,201.28000000000003,197.80999999999997,236.4,290.92999999999995,291.44,189.44000000000003,206.10000000000002,363.45000000000005,223.76999999999995,221.37,328.54,244.29000000000002,253.51000000000002,199.7,200.81,233.45000000000002,258.52,317.26,282.92999999999995,97.83999999999999,212.66,403.65999999999997
2075,267.9,153.38000000000002,227.5,271.76,276.16,105.72,191.01,412.62,264.46999999999997,196.31,234.22,185.4,209.99,104.97,294.61,198.32,202.07999999999998,227.96000000000004,202.78,321.07,227.32,202.54000000000002,196.38000000000002,9.7638,400.71,327.62,260.47999999999996,248.47000000000003,176.96,278.15000000000003,266.89,199.81,880.0,187.95999999999998,878.6999999999999,0.0,447.22,241.69,426.74999999999994,199.15,180.99999999999997,276.88,286.0,153.84,153.67,190.6,270.71,231.72000000000003,326.79999999999995,253.93,195.79,157.92000000000002,209.08999999999997,196.26,292.99,263.06,109.17,299.57,209.17000000000002,93.53,198.84,201.49,274.34000000000003,232.78,193.62999999999997,234.80999999999997,194.24,310.85,261.31,268.87,171.42999999999998,272.48,191.07000000000002,116.28999999999999,177.67,260.28,178.27,183.67000000000002,198.38,236.83999999999997,253.94,154.49,155.89000000000001,250.91999999999996,195.01,195.01,283.39,221.60000000000002,214.87,153.25000000000003,194.56,196.03,244.94,208.95000000000002,195.45,31.705000000000002,224.67000000000002,262.78999999999996
2076,318.1,259.66,576.23,414.11,505.28,275.6,299.35,479.97999999999996,296.78,293.46,286.03000000000003,284.62,243.03,268.09000000000003,487.79,293.66999999999996,349.81,349.84999999999997,255.97,378.46,250.87,237.97999999999996,216.20999999999998,326.87,434.29999999999995,398.27,484.53,413.28,299.18,500.6399999999999,373.84999999999997,309.23,570.33,326.99,1012.4,345.64,509.46999999999997,280.65999999999997,260.04999999999995,316.48,324.73,443.24000000000007,377.61999999999995,275.72,276.27,223.14000000000001,234.64,248.19,357.44,293.58,233.41000000000003,252.03,254.41,201.76,401.77,283.43,383.64,398.15000000000003,202.26999999999998,252.94,215.36999999999998,253.77,388.82,234.97000000000003,231.45000000000002,253.98000000000002,218.13,341.36,212.17,493.8,294.70000000000005,400.69,194.32999999999998,252.81,234.48000000000002,296.28999999999996,368.69,198.57000000000002,238.39,240.59,270.93,253.64999999999998,275.25,394.7,225.94000000000003,273.15,436.44,355.53000000000003,255.8,275.81,224.99999999999997,238.26999999999998,227.69,190.75,291.04999999999995,533.41,214.28999999999996,437.56
2077,207.26,259.61,391.94000000000005,207.32000000000002,480.36,219.95999999999998,281.12,519.9,352.96,300.14,340.94000000000005,282.40000000000003,304.17999999999995,223.29000000000002,433.19,298.88,354.87,357.85999999999996,241.55,406.57,277.95,280.99,230.63,257.40000000000003,505.36,461.0400000000001,474.81000000000006,431.7,287.86,454.88,206.92000000000002,323.59000000000003,451.86,329.53,1167.3999999999999,216.1,553.5500000000001,347.15,232.01,309.96999999999997,323.49999999999994,391.60999999999996,408.74,245.51000000000002,267.1,242.82,340.15999999999997,248.07,388.12,292.78999999999996,248.58,251.04,246.60999999999999,202.5,384.42,291.24,336.93,357.65,208.85999999999999,280.28,267.53999999999996,250.31000000000003,395.28000000000003,244.57999999999998,230.17000000000002,243.34999999999997,225.07000000000002,337.15000000000003,206.98,326.64,288.24,341.92,198.94,203.7,222.84,299.99,272.27,231.32999999999998,207.85999999999999,257.02,295.70000000000005,241.11,269.08,421.29,257.07,245.63,373.82,312.78000000000003,251.94000000000003,296.49,252.37,238.39000000000004,253.7,199.52999999999997,259.01,296.77,224.63,305.11
2078,191.29999999999998,357.54,518.73,186.05999999999997,371.80000000000007,324.9699999999999,316.43,498.64000000000004,315.59,375.01,291.66,373.34,276.49,357.72,356.08000000000004,376.33,394.97,303.28,272.83,383.19,266.71000000000004,261.28000000000003,213.01000000000002,337.96000000000004,483.21000000000004,239.66,824.6999999999999,329.05000000000007,304.38,390.98999999999995,156.89000000000001,393.93999999999994,185.07000000000002,338.22,850.1,385.75,534.3199999999999,309.37,150.46,384.48,366.03999999999996,349.46000000000004,360.77000000000004,360.97,363.66999999999996,261.59000000000003,409.15,241.95999999999998,360.85,297.11,265.59000000000003,300.48,237.38000000000002,301.81,419.67,285.53999999999996,441.97999999999996,370.0,308.13,319.36,225.73000000000002,231.93,391.26,233.79000000000002,220.01999999999998,228.45,216.70000000000002,380.58000000000004,275.35,387.57000000000005,347.98,358.48,210.39000000000001,313.24,267.29,303.54,240.48000000000002,215.15,223.88,260.90999999999997,286.51000000000005,315.13,313.46,474.83000000000004,241.02000000000004,216.95000000000002,346.40000000000003,418.02000000000004,235.75,398.34000000000003,240.08,235.67999999999998,242.70000000000002,333.46,332.69,180.06,233.45,440.41
2079,149.44,199.76000000000002,303.06,433.30999999999995,406.05,157.23999999999998,267.29,466.65999999999997,276.29,280.15999999999997,238.91999999999996,267.94,250.97000000000003,151.95000000000002,515.75,283.77,292.52,320.15999999999997,207.66,343.62,250.20999999999998,211.53,199.53,227.62,443.53999999999996,220.60000000000002,569.53,367.02,283.01,312.60999999999996,415.46,286.73,249.98999999999998,272.34999999999997,998.0999999999999,200.98,490.87,285.84,641.5099999999999,285.76,290.96,444.89,336.35,192.91000000000003,187.85,196.60999999999999,205.61,226.36,291.44,257.39,202.5,220.46999999999997,207.38,196.09,338.98,276.75,182.84999999999997,304.56,200.12,170.53,208.73999999999995,242.79999999999998,361.94000000000005,207.17000000000002,199.15,226.23999999999998,206.94,362.87,203.62000000000003,266.84,244.45,387.51,194.88000000000002,176.63,195.32,258.5,197.92,190.87,196.78000000000003,256.06,274.92,196.10999999999999,224.26,307.81,223.36,214.2,563.8000000000001,242.65999999999997,214.0,286.14,192.31,162.04000000000002,239.91000000000003,201.15999999999997,260.48999999999995,125.86,211.12,271.3
2080,181.17,244.06000000000003,323.12,181.23,513.6000000000001,184.32999999999998,302.87,478.56,313.33,332.99,279.07,302.96,262.43,184.76,763.1399999999999,451.86,300.59,402.16999999999996,225.24,361.83,271.87,241.31,235.58,245.92000000000002,455.30999999999995,233.84000000000003,374.44000000000005,434.57000000000005,340.46999999999997,565.97,181.05999999999997,343.31,215.83999999999997,305.36,216.29999999999998,116.67999999999999,505.73999999999995,280.32,181.01999999999998,342.49,318.35,720.84,356.63,231.29999999999995,219.95999999999998,226.16000000000003,345.02000000000004,248.35,427.71999999999997,298.69000000000005,233.11,257.5,243.7,309.23,363.54,306.88,307.83,379.2200000000001,335.66,154.76,229.69,248.09,358.59000000000003,255.59999999999997,233.45000000000002,267.55,228.03,395.4200000000001,297.46999999999997,293.27,263.06,410.99,263.84999999999997,172.45999999999998,200.72,278.77000000000004,214.27999999999997,220.32,232.34000000000003,243.32,300.77000000000004,238.17000000000002,242.51999999999998,364.01,233.74,234.73000000000005,735.47,276.35,250.31999999999996,420.71,204.31,238.36,276.52000000000004,285.2,236.02,147.3,274.72,302.07
2081,171.48,210.53,329.13,167.41,344.1700000000001,159.36,248.12,490.79999999999995,321.67,253.15,278.0,246.92999999999998,248.97,167.33,417.76,266.82,313.46,328.28000000000003,216.4,382.13,268.15000000000003,238.78999999999996,217.39000000000001,205.49,463.82,226.14000000000001,547.8299999999999,341.71,248.43,320.14,157.55,258.99999999999994,251.2,257.06,559.73,191.14,526.46,319.17,158.43,265.83000000000004,277.56,347.23,386.13,205.58000000000004,202.32,209.98,328.15999999999997,229.12,304.78999999999996,293.01,217.5,214.45999999999998,225.41000000000003,294.99,282.59,285.15,222.84,303.61,263.71999999999997,168.45,229.79000000000002,243.79000000000002,356.49,230.83,215.75,235.36,219.72,356.69,278.76,373.62,229.49,324.66999999999996,237.56,160.68,197.09000000000003,274.37,220.45000000000002,202.62,220.53000000000003,243.23,288.6,206.05,223.87000000000003,297.26,215.59,220.82,380.34,286.86,218.73,216.65,210.76999999999998,226.14,250.07000000000005,218.47000000000003,308.33000000000004,179.74,213.62,278.18999999999994
2082,151.22000000000003,202.77,303.40999999999997,151.27,219.48999999999998,179.76000000000002,328.64,458.9,301.94000000000005,311.48,259.21,295.62,234.4,180.73000000000002,465.9900000000001,319.1,254.28000000000003,217.9,214.39000000000001,339.44000000000005,242.68000000000004,238.31,234.25000000000003,191.35000000000002,427.08,239.54,299.74,406.09,247.45,215.61,151.47,325.64,165.54000000000002,223.45,166.26,68.704,476.04,275.52,151.4,367.6,234.7,318.2,356.15999999999997,227.96999999999997,230.69,207.04999999999998,190.40000000000003,208.39999999999998,222.29000000000002,258.56,224.13,210.65,205.93,182.20999999999998,254.41000000000003,275.8,201.93,350.03999999999996,180.98000000000002,176.62,226.53000000000003,226.06,318.98,211.41,208.91,222.57999999999998,210.84,363.55000000000007,193.89000000000001,222.29,272.49,392.24,191.46,149.31,197.41,288.41999999999996,189.79,201.62,213.54999999999998,250.03,248.65,199.10999999999999,227.57000000000002,329.8,219.18,228.12,403.67,307.26,209.77999999999997,299.65000000000003,190.37,212.88,242.48,213.33,231.06,112.83,193.23000000000002,277.38
2083,0.0,148.66,209.71,0.0,272.52,102.44,189.14,384.51,244.50000000000003,190.09,212.47000000000003,181.79000000000002,191.85000000000002,102.44,281.4,199.38,197.26,229.93,186.00000000000003,265.81,226.74,197.83,192.97,130.77999999999997,357.69,205.14999999999998,222.42000000000002,241.14000000000001,177.48999999999998,273.99,7.906699999999999,195.55,80.452,187.43,100.17,0.0,412.99,214.94000000000003,100.17999999999999,148.98999999999998,175.95,273.34000000000003,240.41000000000003,150.20000000000002,151.26999999999998,181.64,173.49999999999997,203.31,240.27999999999997,243.72000000000003,189.7,152.44,197.83,216.63,254.39999999999998,259.69000000000005,91.31,274.64000000000004,240.74000000000004,119.21,191.85999999999999,187.31,248.77,209.76,183.94,239.95,188.27,291.65,190.91999999999996,179.7,165.88,257.59,192.32,106.32,122.47999999999999,233.10999999999999,169.11,180.18,181.97,219.6,222.06000000000003,146.39,148.09,265.08,189.61,203.07999999999998,274.06,253.75,187.11,155.48,178.12,194.54999999999998,231.8,134.06,186.58,32.242999999999995,209.88,237.16999999999996
2084,0.0,169.65999999999997,242.61999999999998,0.0,280.45000000000005,127.94000000000001,209.70000000000002,408.64,242.19000000000003,214.84000000000003,206.07,199.82,194.74,128.12,298.78999999999996,220.67000000000002,202.92,239.82,193.21000000000004,266.27,218.79999999999998,203.39,205.61,166.14,377.20000000000005,122.15,221.02000000000004,256.34999999999997,192.72,280.0,0.1393,226.59,1.2912,200.76999999999998,114.46,13.6838,433.23,228.49999999999997,126.22,221.41,191.66,279.8,244.26999999999998,178.90999999999997,176.72,189.55999999999997,200.89000000000001,198.70000000000002,258.36,235.9,192.2,184.04000000000002,186.94,243.94,291.12,233.42,116.74,261.52,220.59999999999997,114.7,197.68,176.24,250.03000000000003,204.32999999999998,165.43,220.07,192.43,273.28,218.05,183.75,198.33,270.09999999999997,253.51999999999998,134.07999999999998,159.65999999999997,238.28000000000003,178.21,184.22999999999996,174.19,228.75,235.13,175.32999999999998,169.08,243.51000000000002,197.41,200.05,287.31,228.7,195.51999999999998,178.62,182.20000000000002,139.44,229.0,158.42999999999998,193.74999999999997,82.30999999999999,172.20999999999998,237.48
2085,110.84,189.97,248.71000000000004,111.99,291.96,138.57999999999998,233.83000000000004,421.55,253.81000000000003,227.80999999999997,214.02,225.51,201.51999999999998,138.84,368.08,240.45000000000002,221.11999999999998,284.35,191.54999999999998,269.59000000000003,213.54999999999998,209.18,226.39,171.55,378.14,198.03,235.20000000000002,282.09000000000003,213.16999999999996,295.92999999999995,126.59,238.89999999999998,133.24,227.34,133.48000000000002,107.47,268.12,228.70000000000002,133.37,179.47000000000003,223.92000000000002,294.29,257.94,193.05999999999997,194.85999999999999,189.16,198.82999999999998,198.61999999999998,265.90999999999997,241.91000000000003,194.81,185.21,193.42,185.01999999999998,280.89,243.51999999999998,234.91,313.06,189.79999999999998,150.44,192.99000000000004,193.48000000000002,269.07,198.14,184.01,221.58999999999997,193.02,330.24,196.42000000000002,183.88000000000002,217.23,325.13,190.0,158.67999999999998,187.37,237.52999999999997,191.43,186.77,186.37,219.04000000000002,216.91,178.22,200.23,273.75,193.01,203.51,343.51,248.4,202.06,185.44,185.36,185.21999999999997,204.77,136.24,191.02999999999997,76.752,196.45000000000002,248.1
2086,132.78,220.43,244.94,133.67,455.23,160.39,271.36,260.16,248.92000000000002,273.28000000000003,210.87,267.92999999999995,194.09999999999997,161.09,387.07,284.78000000000003,189.57,329.03,182.44000000000003,245.0,195.93,194.79,201.34,197.97,375.16999999999996,191.02999999999997,210.14999999999998,372.71,254.29999999999998,394.01,135.03,274.76,141.88,274.56000000000006,141.85999999999999,50.146,190.69,209.35000000000002,142.66000000000003,300.79999999999995,259.27,404.86,228.68,221.41999999999996,232.33,179.06,287.11,192.74,322.54,215.3,190.10000000000002,222.17000000000002,183.95,216.89,314.65,227.07,131.05,290.15,197.87,128.39999999999998,190.28,178.51999999999998,246.66000000000003,200.73,176.16,206.18999999999997,189.87,353.27,249.57,186.76,232.89,306.3,195.66000000000003,152.92000000000002,153.26000000000002,228.05999999999997,167.61,177.39,174.16000000000003,207.74,198.07,211.05,220.25,323.01,184.35000000000002,191.42,384.77000000000004,263.64,197.45000000000002,213.35000000000002,176.67999999999998,179.12,222.96,113.12,191.25,78.4,215.32,265.19
2087,327.03999999999996,334.96999999999997,316.28,310.87,383.42,278.93,371.1,347.75,292.23,381.63000000000005,257.88,381.78999999999996,242.4,286.91,543.9,392.15,299.1,453.53000000000003,210.50000000000003,330.6,224.32,237.73000000000002,209.48000000000002,340.13,438.76,244.17999999999998,319.48999999999995,541.23,480.79,414.89,283.83000000000004,416.07000000000005,306.99999999999994,403.75,308.64,256.39,253.96999999999997,281.46,333.35,407.02,443.99,769.53,313.58000000000004,321.42,311.95,206.10000000000002,275.15,236.64,413.09000000000003,261.33,218.67000000000002,378.74,222.39000000000001,182.48,410.24,264.48,350.49,457.15999999999997,187.42999999999998,251.07,224.05000000000004,228.33000000000004,302.94000000000005,227.62000000000003,199.20999999999998,239.05,208.53000000000003,405.61,203.49,244.32000000000005,342.74,457.90999999999997,186.21,321.7,212.0,259.89,274.98,210.17000000000002,207.17,231.72,254.67,325.08,371.07,444.41999999999996,224.16000000000003,287.05,857.4,390.90999999999997,227.87999999999997,573.0500000000001,233.73999999999995,213.7,231.06,154.15,241.58,281.62,196.6,332.46000000000004
2088,4.7078999999999995,186.49,254.56,2.7552999999999996,508.69,145.60999999999999,300.71,139.72,268.34,295.65,243.5,265.28999999999996,206.11,143.39999999999998,223.51999999999998,304.40000000000003,213.85,466.3,208.6,297.04,190.93,223.84999999999997,231.83,178.46,370.62,118.30000000000003,239.03,509.68,265.58000000000004,511.77000000000004,4.8135,328.36999999999995,13.664,296.46,0.0,22.968,173.23999999999998,221.11999999999998,0.714691,428.61000000000007,260.84999999999997,724.41,270.75,193.95,213.88,195.62,288.18,209.07999999999998,377.15,257.13,193.51,196.27999999999997,207.43,241.76,294.77,261.02,136.99,290.61,200.87999999999997,164.01,194.1,178.58,267.45000000000005,219.88,194.62,229.92,201.76,333.74,252.24,196.23000000000002,250.03000000000003,330.69,231.07000000000002,133.1,174.93,260.74,178.68,180.5,188.81,241.33,233.28,185.71,184.17,298.86999999999995,204.31,202.22000000000003,721.59,277.37,191.01,383.8,192.49,191.41,230.93,128.56,192.83,57.995,238.96999999999997,316.54999999999995
2089,118.65,169.08999999999997,260.4,118.67,287.36,126.82,204.07000000000002,413.21000000000004,262.71,205.21999999999997,228.32999999999998,201.38000000000002,206.04999999999998,123.28999999999998,176.57000000000002,208.03000000000003,216.08,242.54,197.54999999999998,288.28,213.32000000000005,207.4,208.64000000000001,157.89,399.03,203.36999999999998,260.32,258.03000000000003,190.98000000000002,289.82,118.19,126.94,119.22999999999999,204.61,119.12000000000002,32.072,431.34,227.66000000000003,118.71999999999998,214.59,196.02,300.78999999999996,275.95,166.69000000000005,165.71999999999997,201.76999999999998,248.64000000000001,221.36,304.51000000000005,265.36,205.31000000000003,168.45999999999998,199.20000000000002,239.87000000000003,290.11,267.81,108.09,293.16,260.44,109.81000000000002,213.64999999999998,207.7,274.25,229.75999999999996,193.91,233.05999999999997,195.48,253.9,245.87999999999997,247.67000000000004,180.29000000000002,303.18,214.06,124.02000000000001,181.82999999999998,260.62,182.91000000000003,196.93,197.37,248.57999999999998,223.78000000000003,163.07999999999998,172.18,294.42999999999995,202.82000000000002,203.25000000000003,301.19,220.01,200.85000000000002,164.92,193.64999999999998,208.69,228.03999999999996,167.39000000000001,197.82000000000002,84.64,201.79000000000002,258.55
2090,669.02,666.6000000000001,902.1,678.81,633.03,248.97,381.34,555.3400000000001,533.53,381.55,559.77,666.4399999999999,549.77,247.42000000000002,922.3,383.3,668.93,508.88,258.76000000000005,488.81,515.3299999999999,485.87,267.42,301.59000000000003,544.99,513.6400000000001,784.6999999999999,569.04,802.4000000000001,639.73,772.8000000000001,388.94999999999993,1247.7,674.28,1247.1,478.83000000000004,588.06,398.27000000000004,906.1000000000001,677.14,723.9399999999999,811.4,493.94,674.61,674.3000000000001,529.56,1016.1999999999999,277.49,753.1899999999999,323.51,293.65999999999997,353.41999999999996,278.15000000000003,954.8,797.1,327.2,853.8,798.9,941.8,862.6999999999999,335.6,274.28000000000003,431.82000000000005,278.7,267.92,247.48,527.27,489.54,383.28999999999996,889.7,363.77,611.31,449.9,296.86999999999995,252.61,555.5699999999999,395.63,282.48,266.62,289.97,376.78,316.17,674.72,799.8,285.34,425.6700000000001,914.5,391.94,277.56,755.35,327.26,273.13,299.83,1289.4,533.85,353.36,339.33,476.78
2091,1041.2,950.0999999999999,649.0999999999999,814.0700000000002,705.74,422.32,589.18,594.6899999999999,513.6700000000001,712.99,503.83000000000004,1060.4,467.55,473.75,924.1,720.7199999999999,526.19,883.6999999999999,357.03,526.75,412.98,429.08000000000004,291.02,596.04,598.29,558.27,881.4300000000001,1104.9,976.0,702.32,523.65,694.7099999999999,687.38,676.9900000000001,1478.3,495.9,621.11,457.4799999999999,1295.6000000000001,655.18,798.0,1258.5,531.8199999999999,573.02,605.13,280.59000000000003,1111.9,304.65000000000003,845.74,536.49,462.26,885.8,271.64,691.9300000000001,643.88,396.32,517.8100000000001,756.12,718.9899999999999,802.1,371.55999999999995,302.48,493.37,276.15000000000003,287.92999999999995,321.65,469.16999999999996,706.88,493.06000000000006,466.7800000000001,671.9,716.4499999999999,485.97,842.8,314.61,470.19,336.40999999999997,317.62,286.53999999999996,273.79,434.51,956.7,645.85,659.1,470.58000000000004,323.85999999999996,1318.7,662.51,294.72999999999996,892.8000000000001,348.01,283.47,254.8,467.09000000000003,602.9799999999999,581.21,682.69,383.5
2092,436.13,274.32,409.49000000000007,207.43,467.15999999999997,191.46,371.69000000000005,548.05,405.46000000000004,355.87000000000006,353.13,321.70000000000005,324.72,238.57,507.74,374.1,383.0,408.31,258.9,451.86,362.18,323.19000000000005,258.05,162.54999999999998,551.89,267.4,493.88000000000005,402.2,293.93,440.61,207.42,332.58000000000004,376.05,378.61,1222.8,159.24,596.6899999999999,408.78000000000003,207.04999999999998,365.81,382.65999999999997,431.69,452.18000000000006,270.02000000000004,271.63,256.88,446.0799999999999,285.04999999999995,436.14000000000004,323.07000000000005,270.17,259.72,278.06,433.2,434.37,335.81,318.7,443.19,390.73,207.36,305.53000000000003,282.2,421.65000000000003,267.33,274.06,293.93,262.81,397.85,431.07,385.13999999999993,339.0,459.08000000000004,368.49,211.47,239.2,327.86,275.02,257.28000000000003,265.90999999999997,262.84000000000003,358.13,265.65000000000003,303.38,434.62,274.01,284.07,437.24,389.79999999999995,284.11,357.46999999999997,294.78000000000003,265.43,288.1,362.09,328.03000000000003,315.77,414.35,323.57000000000005
2093,736.66,583.66,487.55,763.8899999999999,820.4300000000001,567.9300000000001,520.59,628.09,480.8299999999999,456.76,453.6599999999999,608.37,443.52000000000004,525.42,1100.3999999999999,455.98,481.84999999999997,617.28,304.09,519.35,401.13,365.1,315.86,522.75,567.0,570.13,654.2399999999999,692.67,685.23,790.38,913.6999999999999,506.99,1423.2,605.51,1442.3,421.61,630.6100000000001,444.52,1105.0,672.5300000000001,614.9899999999999,999.5999999999999,513.6100000000001,635.2,636.48,388.08,643.53,261.25,595.49,398.28000000000003,386.41,538.39,256.39,379.33,716.55,397.32,709.91,688.35,394.72999999999996,625.8199999999999,378.96000000000004,274.09999999999997,490.83000000000004,255.7,265.88000000000005,254.51999999999998,355.87,622.6500000000001,423.12999999999994,459.51,539.53,627.02,317.30999999999995,475.77,283.69,407.80000000000007,335.37,320.26,267.08,266.73,428.77,469.09999999999997,538.92,635.31,334.11,292.6,1253.8999999999999,566.46,260.5,859.1999999999999,401.79,260.13,259.68,212.61,411.38,730.5200000000001,379.15,399.5
2094,417.13,215.85,342.87,182.82,419.45,193.48999999999998,307.85,491.71999999999997,340.01000000000005,281.12,275.1,257.27,268.72,196.2,450.19,284.35,333.13,348.25,223.21999999999997,355.14,259.29,249.11,239.69,226.35000000000002,472.11,366.62000000000006,447.28999999999996,324.18,273.83,387.7,179.81000000000003,327.46000000000004,289.88,286.37,763.92,167.10999999999999,503.28000000000003,301.83,176.1,334.30999999999995,279.06,382.1,369.41,257.16,251.10000000000002,238.94,268.57000000000005,250.39000000000001,411.8,289.71000000000004,212.99,218.02999999999997,235.03000000000003,219.23,391.84999999999997,294.43000000000006,411.84999999999997,402.88,207.89,230.33,242.01000000000002,252.84,372.36999999999995,242.9,218.8,252.92,232.8,394.70000000000005,212.17,423.9,251.33999999999997,399.50000000000006,203.32999999999998,165.70999999999998,223.10000000000002,292.21999999999997,215.61999999999998,217.97000000000003,219.66,255.81,293.5,211.86,242.01,395.87000000000006,239.57,219.60999999999999,393.22999999999996,342.33000000000004,254.87000000000003,223.92,227.78000000000003,238.43999999999997,265.12,179.16,242.17,186.13,216.23,290.95
2095,471.75999999999993,566.5400000000001,412.32,531.92,426.87999999999994,416.47,579.8800000000001,570.75,415.86999999999995,669.75,380.18999999999994,644.51,323.05,351.13,775.4399999999999,661.11,399.87,405.81000000000006,251.02999999999997,473.22,434.46,303.76,262.37,518.69,552.09,504.7200000000001,411.25,874.3000000000001,363.82,451.60999999999996,527.69,601.44,888.5,481.34,1141.5,325.36,585.8,409.38,828.0,587.08,602.5099999999999,723.6800000000001,490.27,532.29,552.3,233.68,511.59,269.12000000000006,461.56,352.01000000000005,284.43,668.48,263.09000000000003,280.34000000000003,622.37,358.28,458.59,721.8700000000001,283.21,315.90999999999997,291.69,275.94,456.93,272.18,249.46,242.64,287.3,661.35,354.16999999999996,362.44000000000005,608.9399999999999,754.0099999999999,266.28999999999996,396.54,241.39,337.55,316.34,277.66999999999996,250.76999999999998,285.04999999999995,295.56,557.1500000000001,539.74,558.38,284.53000000000003,269.7,1017.4999999999999,589.57,271.7,658.78,348.73,250.29,270.85,174.57000000000002,286.26,451.61,294.53000000000003,340.89
2096,140.38,205.98999999999998,305.57,140.39,689.0799999999999,152.54,316.65999999999997,438.49,328.75,318.10999999999996,263.6,299.21999999999997,226.64,148.08,720.32,356.02,245.36,433.08,226.79000000000002,336.78000000000003,258.59000000000003,242.79999999999998,242.36999999999998,177.69,420.88999999999993,244.6,289.65000000000003,536.1,252.54000000000002,680.72,139.5,344.9,144.87,318.78999999999996,145.14000000000001,134.36999999999998,469.86,277.15999999999997,139.36,380.51000000000005,326.26,634.19,347.03999999999996,217.14,217.85,206.67,376.51,240.63,408.36000000000007,287.89,213.95999999999998,203.15,244.95000000000002,266.51,285.85,279.34000000000003,274.39,308.73,254.41,168.27,220.16999999999996,228.45,307.45,260.46,220.78999999999996,218.69,232.97000000000003,366.37,268.35,241.67000000000002,253.70999999999998,388.48999999999995,254.18,165.64,198.57999999999998,275.64000000000004,199.33,195.05,227.14999999999998,255.76,256.06,196.9,228.51000000000002,315.63,214.98,231.88,655.19,304.7,252.76,425.01,198.81,230.95999999999995,271.89,161.97,210.43,109.43,252.76000000000002,291.44
2097,488.09000000000003,528.39,346.38000000000005,486.85999999999996,528.4100000000001,378.42999999999995,575.44,537.9699999999999,372.94,654.78,317.2,648.1700000000001,277.28999999999996,343.14,916.2000000000002,661.0999999999999,338.11,602.55,246.66000000000003,456.48,311.68999999999994,280.65,300.52,373.8,533.5100000000001,472.85999999999996,475.66999999999996,864.4000000000001,668.79,483.23,409.05999999999995,659.69,255.32,558.55,413.88,358.21,560.21,389.15999999999997,434.43000000000006,662.6899999999999,569.7900000000001,1184.0,477.78999999999996,498.89,460.2,235.42000000000002,380.99,268.66,680.0799999999999,367.11999999999995,276.78000000000003,627.8100000000001,265.06,330.59999999999997,614.5999999999999,383.23999999999995,499.49999999999994,585.4499999999999,237.98,480.51,276.25,243.38,462.11,262.01,243.48000000000002,257.45,306.19,662.52,211.15,341.63,617.58,707.94,205.66000000000003,554.3299999999999,250.41,353.44,314.55000000000007,280.09000000000003,248.51,262.76,285.71,524.01,543.8900000000001,583.73,296.64,279.19,1077.8999999999999,620.53,259.91,700.5200000000001,309.25,245.12999999999997,262.99,183.20000000000002,259.12,373.45000000000005,206.05,342.66
2098,114.67,152.92000000000002,261.6,114.68,270.11,117.05000000000001,193.39,401.56,271.94,195.21999999999997,224.56,186.61,228.99,117.71,281.96999999999997,200.35,213.15,231.29000000000002,193.78,288.78,223.51999999999998,207.12,200.34,145.61999999999998,373.54,224.44000000000003,243.62,239.96,183.14,271.38,114.81,202.08,116.81,194.21,116.83000000000001,3.51722,422.09000000000003,220.72000000000003,114.64,204.26999999999998,179.5,270.39,287.3,162.03,161.68,195.51000000000002,211.99,221.21,302.60999999999996,251.32,209.12,159.69,205.28,194.77,280.38,254.96000000000004,131.85,260.86,214.53,92.99000000000001,193.99,205.37,260.59000000000003,214.7,198.12,241.29,211.44,255.01999999999998,198.7,184.14,174.68,283.05,178.9,114.3,178.70999999999998,253.09999999999997,182.65,190.01,198.39000000000001,246.01,233.25,153.36,157.49,298.31,208.49,203.89,270.52,272.14,213.99,153.03,185.63,147.63,234.97999999999996,118.10000000000001,198.86999999999998,55.992000000000004,190.1,258.01
2099,67.199,212.75,265.28,68.152,444.54999999999995,155.61,268.98,428.15999999999997,276.47,302.28000000000003,232.39000000000001,271.77000000000004,206.44,152.01,415.78999999999996,307.39,204.10000000000002,334.86999999999995,195.84,294.87,227.51999999999998,208.14999999999998,204.59,201.63000000000002,399.89000000000004,215.54000000000002,246.38,369.78999999999996,230.27,463.25,36.862,308.37999999999994,42.849,262.98999999999995,131.95,44.044999999999995,453.70000000000005,228.62000000000003,150.37,313.30999999999995,240.39,391.1500000000001,269.53999999999996,227.06,226.36,193.48000000000002,216.36,208.11999999999998,342.66999999999996,249.15,196.13,205.97,201.26,203.73999999999998,284.21,246.60000000000002,153.46,294.02000000000004,202.56,127.08000000000001,196.07,204.05,282.04,216.87,200.21,229.98000000000002,194.60000000000002,312.22,188.14,206.97,247.23,363.56000000000006,183.11999999999998,154.83,187.41,250.95999999999998,183.40999999999997,189.70999999999998,206.89000000000001,238.07,237.95,219.56999999999996,216.57,300.39,199.94,195.71999999999997,394.55,262.61,205.75,224.54999999999998,188.65999999999997,200.58999999999997,228.63,87.47,196.07999999999998,100.97,188.86,254.0
